220397,-0.3
220490,-0.3
220583,-0.3
220676,-0.3
220769,-0.3
220862,-0.3
220955,-0.3
221048,-0.3
221142,-0.3
221234,-0.3
221327,-0.3
221420,-0.3
221513,-0.3
221606,-0.3
221700,-0.3
221792,-0.3
221885,-0.3
221978,-0.3
222071,-0.3
222164,-0.3
222258,-0.3
222350,-0.3
222443,-0.3
222536,-0.3
222629,-0.3
222723,-0.3
222816,0
reset,
876,0
979,0
1073,0
1166,0
1259,0
1352,0
1445,0
1538,0
1631,0
1724,0
1817,0
1910,0
2003,0
2097,0
2190,0
2283,0
2376,0
2469,0
2563,0
2656,0
2748,0
2841,0
2934,0
3027,0
3121,0
3214,0
3307,0
3400,0
3493,0
3587,0
3680,0
3773,0
3866,0
3958,0
4051,0
4145,0
4238,0
4331,0
4424,0
4517,0
4611,-0.1
4704,-0.1
4797,-0.1
4890,-0.1
4983,-0.1
5076,0
5169,0
5262,-0.1
5355,0
5448,-0.1
5541,-0.1
5635,0
reset,
866,0
968,0
1061,0
1155,0
1248,0
1341,0
1434,0
1527,0
1620,0
1714,0
1807,0
1900,0
1992,0
2085,0
2179,0
2272,0
2365,0
2458,0
2551,0
2644,-0.1
2738,0
2831,0
2924,0
3016,0
3109,0
3203,0
3296,0
3389,0
3482,0
3575,0
3668,0
3762,0
3855,-0.1
3948,-0.1
4040,-0.1
4133,0
4227,-0.1
4320,0
4413,0
4506,0
4599,-0.1
4692,0
4786,0
4879,0
4972,-0.1
5065,0
5157,0.1
5251,0
5344,0
5437,0
5530,0.1
5623,0.1
5716,0
5810,0
5903,0
5996,0
6089,0.1
6181,0.1
6275,0.3
6368,0.4
6461,0.5
6554,0.5
6647,0.4
6740,0.4
6834,0.5
6927,0.5
7020,0.5
7113,0.5
7205,0.4
7299,0.4
7392,0.4
7485,0.2
7578,0.2
7671,0.3
7764,0.3
7858,0.2
7951,0.3
8044,0.3
8136,0.3
8229,0.3
8323,0.3
8416,0.4
8509,0.4
8602,0.4
8695,0.4
8788,0.5
8882,0.5
8975,0.5
9068,0.5
9161,0.5
9253,0.5
9347,0.5
9440,0.6
9533,0.6
9626,0.5
9719,0.5
9812,0.6
9906,0.6
9999,0.5
10092,0.5
10185,0.6
10277,0.6
10371,0.5
10464,0.3
10557,0.5
10650,0.6
10743,0.5
10836,0.5
10930,0.5
11023,0.5
11116,0.5
11208,0.5
11301,0.5
11395,0.5
11488,0.5
11581,0.5
11674,0.5
11767,0.5
11860,0.5
11954,0.5
12047,0.5
12140,0.5
12232,0.5
12325,0.5
12419,0.5
12512,0.5
12605,0.5
12698,0.5
12791,0.6
12884,0.7
12978,0.6
13071,0.4
13163,0.3
13256,0.4
13349,0.3
13443,0.4
13536,0.4
13629,0.5
13722,0.7
13815,0.6
13908,0.6
14002,0.5
14094,0.4
14187,0.3
14280,0.3
14373,0.6
14467,0.7
14560,0.7
14653,0.6
14746,0.6
14839,0.7
14931,0.6
15025,0.4
15118,0.1
15211,0.1
15304,0.3
15397,0.5
15491,0.5
15584,0.5
15677,0.5
15770,0.5
15862,0.5
15955,0.5
16049,0.6
16142,0.6
16235,0.5
16328,0.5
16421,0.5
16515,0.5
16608,0.5
16701,0.6
16793,0.6
16886,0.6
16979,0.6
17073,0.5
17166,0.5
17259,0.5
17352,0.5
17445,0.5
17539,0.5
17632,0.6
17724,0.5
17817,0.5
17910,0.6
18003,0.5
18097,0.6
18190,0.6
18283,0.5
18376,0.5
18469,0.4
18563,0.4
18655,0.4
18748,0.2
18841,-0.1
18934,-0.2
19027,-0.4
19121,-0.4
19214,-0.5
19307,-0.5
19400,-0.5
19493,-0.4
19587,-0.4
19679,-0.5
19772,-0.4
19865,-0.2
19958,-0.3
20051,-0.4
20145,-0.4
20238,-0.5
20331,-0.7
20424,-0.5
20517,-0.3
20610,-0.3
20703,-0.2
20796,-0.2
20889,-0.1
20982,0
21075,0
21169,0
21262,-0.2
21355,-0.1
21448,-0.1
21541,-0.2
21634,-0.2
21727,-0.2
21820,-0.3
21913,-0.2
22006,-0.1
22099,-0.1
22193,0
22286,0.1
22379,0.1
22472,0.2
22564,0.1
22658,0
22751,0
22844,0.1
22937,0.1
23030,0.1
23123,0
23217,0.1
23310,0.4
23403,0.6
23495,0.5
23588,0.5
23682,0.5
23775,0.5
23868,0.6
23961,0.6
24054,0.6
24147,0.7
24241,0.7
24334,0.5
24426,0.6
24519,0.7
24612,0.7
24706,0.9
24799,1
24892,1.3
24985,1.5
25078,1.1
25171,0.7
25265,0.6
25357,0.8
25450,0.9
25543,1
25636,0.9
25730,1
25823,1.3
25916,1.1
26009,1.1
26102,1.4
26195,1.6
26289,1.9
26381,1.9
26474,1.9
26567,1.4
26660,1.6
26754,2.9
26847,4
26940,4.4
27033,5
27126,5.5
27219,5.8
27312,6
27405,6.3
27498,6.4
27591,6.3
27684,6.4
27778,6.3
27871,6
27964,5.7
28057,5.2
28150,4.7
28243,4.1
28336,3.5
28429,3
28522,2.5
28615,2
28708,1.6
28802,1.3
28895,1.2
28988,1.1
29081,1.1
29174,1.2
29266,1.1
29360,0.9
29453,1
29546,1
29639,0.9
29732,0.9
29826,1.1
29919,1.4
30012,1.4
30105,1.4
30198,1.3
30290,1.2
30384,1.2
30477,1
30570,1
30663,1.1
30756,1.1
30850,1.1
30943,1.1
31036,1.1
31129,1.2
31222,1.5
31314,1.7
31408,1.6
31501,1.4
31594,1.5
31687,1.8
31780,1.8
31874,1.5
31967,1.4
32060,1.1
32153,0.9
32246,0.9
32338,0.7
32432,0.7
32525,0.8
32618,1
32711,0.9
32804,0.7
32898,0.7
32991,0.7
33084,0.7
33177,0.7
33270,0.7
33362,0.8
33456,0.8
33549,0.8
33642,0.8
33735,0.8
33828,0.8
33922,0.7
34015,0.8
34108,0.7
34201,0.7
34294,0.6
34386,0.8
34480,0.8
34573,0.8
34666,0.8
34759,0.8
34852,0.7
34946,0.8
35039,0.8
35132,0.8
35225,0.8
35318,0.8
35410,0.7
35504,0.7
35597,0.8
35690,0.8
35783,0.7
35876,0.7
35970,0.7
36063,0.8
36156,0.8
36249,0.6
36342,0.7
36434,0.8
36528,0.8
36621,0.9
36714,1
36807,1.1
36900,1.2
36994,1.1
37087,1
37180,1.1
37273,1.1
37366,1
37458,1
37552,1.2
37645,1.3
37738,1.3
37831,1.3
37924,1.3
38018,1.1
38111,1
38204,1.1
38297,1.4
38390,1.6
38482,1.5
38576,1.6
38669,1.9
38762,2.5
38855,3.3
38948,4
39042,4.6
39135,5.1
39228,5.5
39321,5.8
39414,6.2
39506,6.5
39600,6.6
39693,6.8
39786,7
39879,7
39972,6.8
40066,6.6
40159,6.3
40252,5.8
40345,5.3
40437,4.8
40530,4.5
40624,4.1
40717,3.7
40810,3.3
40903,2.9
40996,2.5
41090,2.3
41183,2.2
41276,2.3
41369,2.4
41461,2.6
41554,2.6
41648,2.3
41741,1.7
41834,1.3
41927,1.3
42020,1.2
42114,1.2
42207,1.2
42300,1.2
42392,1.2
42485,1.4
42578,2
42672,2.3
42765,1.9
42858,1.2
42951,0.9
43044,0.8
43138,0.8
43231,0.9
43324,0.9
43416,1
43509,1.1
43602,1
43696,0.8
43789,0.9
43882,0.9
43975,0.9
44068,1.1
44162,1.3
44255,1.7
44348,2.4
44440,3.1
44533,3.7
44626,4.2
44720,4.6
44813,5.1
44906,5.5
44999,5.9
45092,6.3
45186,6.7
45279,7
45371,7.3
45464,7.5
45557,7.6
45650,7.5
45744,7.4
45837,7.2
45930,6.9
46023,6.5
46116,5.9
46210,5.3
46303,4.6
46395,4.1
46488,3.7
46581,3.3
46674,2.9
46768,2.6
46861,2.3
46954,2
47047,1.8
47140,1.5
47234,1.4
47327,1.4
47419,1.2
47512,1.1
47605,1
47698,1
47792,0.9
47885,0.9
47978,0.9
48071,1.2
48164,1.9
48258,2.9
48350,3.9
48443,4.7
48536,5.3
48629,5.9
48722,6.3
48816,6.6
48909,7
49002,7.2
49095,7.5
49188,7.7
49282,7.6
49374,7.5
49467,7.3
49560,7.2
49653,7
49746,6.9
49840,6.7
49933,6.4
50026,6
50119,5.6
50212,5.1
50305,4.7
50398,4.1
50491,3.6
50584,3
50677,2.5
50770,2
50864,1.7
50957,1.3
51050,1.2
51143,1.1
51236,1.1
51329,1.1
51422,1
51515,1.1
51608,1.4
51701,1.7
51794,2.1
51888,2.4
51981,2.9
52074,3.7
52167,4.6
52259,5.2
52353,5.5
52446,5.9
52539,6.2
52632,6.6
52725,6.8
52818,6.9
52912,6.8
53005,6.6
53098,6.4
53191,6.3
53283,6.1
53377,5.6
53470,5.1
53563,4.4
53656,3.6
53749,2.9
53842,2.2
53936,1.7
54029,1.3
54122,1
54215,0.9
54307,0.8
54401,1
54494,1.3
54587,1.8
54680,2.2
54773,2.3
54866,2
54960,2
55053,2
55146,2.2
55238,2.5
55331,2.7
55425,2.9
55518,3
55611,3.1
55704,3
55797,2.9
55890,2.9
55984,3
56077,2.9
56170,2.9
56262,2.8
56355,2.7
56449,2.7
56542,2.6
56635,2.6
56728,2.5
56821,2.4
56914,2.4
57008,2.3
57101,2.3
57193,2.3
57286,2.3
57379,2.3
57473,2.3
57566,2.3
57659,2.2
57752,2.1
57845,2.4
57938,2.7
58032,3
58125,3
58217,2.7
58310,2
58403,1.6
58497,1.5
58590,1.6
58683,1.8
58776,1.7
58869,1.2
58962,0.9
59056,0.9
59149,1.2
59241,1.7
59334,2.3
59427,2.4
59521,1.4
59614,1
59707,1
59800,1
59893,1.2
59986,1.4
60080,1.9
60173,2.8
60265,3.5
60358,3.9
60451,4.2
60545,4.7
60638,5.2
60731,5.5
60824,5.6
60917,5.6
61010,4.9
61104,4.2
61197,2.7
61289,1.1
61382,0.6
61475,0.5
61569,0.5
61662,1.3
61755,1.4
61848,1
61941,0.8
62034,0.7
62128,0.8
62221,0.8
62313,0.9
62406,0.8
62499,0.7
62593,0.8
62686,0.8
62779,0.8
62872,0.8
62965,0.8
63058,0.8
63152,0.9
63245,0.9
63337,0.9
63430,0.7
63523,0.7
63617,0.8
63710,0.8
63803,0.8
63896,0.8
63989,0.8
64082,0.9
64176,1
64269,0.8
64361,0.9
64454,0.8
64547,0.7
64641,0.8
64734,0.8
64827,0.7
64920,0.7
65013,0.7
65106,0.8
65200,0.8
65293,0.8
65385,0.7
65478,0.7
65571,0.7
65665,0.8
65758,0
-0.0
8929,-0.0
9022,-0.0
9115,-0.0
9208,-0.0
9302,-0.0
9395,-0.0
9488,-0.1
9581,-0.0
9674,-0.0
9767,-0.0
9861,-0.0
9954,-0.0
10047,-0.0
10140,-0.0
10233,-0.0
10327,-0.0
10420,-0.0
10513,-0.1
10606,-0.0
10700,-0.0
10793,-0.0
10887,-0.0
10980,-0.0
11073,-0.1
11166,-0.1
11259,-0.0
11353,-0.0
11446,-0.0
11539,-0.0
11632,-0.1
11725,-0.0
11819,-0.0
11912,-0.0
12005,-0.0
12098,-0.0
12191,-0.0
12284,-0.0
12378,-0.0
12471,-0.0
12564,-0.1
12657,-0.0
12751,-0.0
12845,-0.1
12938,-0.1
13031,-0.1
13124,-0.0
13217,-0.1
13310,-0.1
13404,-0.0
13497,-0.0
13590,-0.0
13683,-0.0
13776,-0.1
13870,-0.1
13963,-0.1
14056,-0.1
14149,-0.1
14242,-0.1
14336,-0.0
14429,-0.0
14522,-0.0
14615,-0.1
14708,-0.1
14801,-0.1
14896,-0.1
14989,-0.1
15082,-0.1
15175,-0.1
15268,-0.0
15362,-0.1
15455,-0.0
15548,-0.0
15641,-0.1
15734,-0.1
15827,-0.1
15921,-0.1
16014,-0.0
16107,-0.1
16200,-0.1
16293,-0.1
16387,-0.0
16480,-0.0
16573,-0.1
16666,-0.1
16759,-0.1
16852,-0.1
16946,-0.1
17039,-0.1
17132,-0.1
17226,-0.0
17319,-0.0
17413,-0.1
17506,-0.1
17599,-0.1
17692,-0.1
17785,-0.1
17879,-0.1
17972,-0.1
18065,-0.0
18158,-0.1
18251,-0.1
18344,-0.1
18438,-0.1
18531,-0.1
18624,-0.1
18717,-0.1
18810,-0.1
18904,-0.1
18997,-0.1
19090,-0.1
19183,-0.1
19276,-0.1
19369,-0.1
19463,-0.1
19556,-0.1
19650,-0.1
19743,-0.1
19836,-0.1
19930,-0.1
20023,-0.1
20116,-0.1
20209,-0.1
20302,-0.1
20396,-0.1
20489,-0.0
20582,-0.0
20675,-0.0
20768,-0.1
20861,-0.1
20955,-0.1
21048,-0.1
21141,-0.1
21234,-0.1
21327,-0.1
21421,-0.1
21514,-0.1
21607,-0.1
21700,-0.1
21793,-0.1
21886,-0.1
21980,-0.1
22074,-0.1
22167,-0.1
22260,-0.1
22353,-0.1
22447,-0.1
22540,-0.1
22633,-0.1
22726,-0.1
22819,-0.1
22913,-0.1
23006,-0.1
23099,-0.0
23192,-0.1
23285,-0.1
23378,-0.1
23472,-0.1
23565,-0.1
23658,-0.1
23751,-0.1
23844,-0.1
23938,-0.1
24031,-0.1
24124,-0.1
24217,-0.1
24310,-0.1
24404,-0.1
24498,-0.1
24591,-0.1
24684,-0.1
24777,-0.1
24870,-0.1
24964,-0.1
25057,-0.1
25150,-0.1
25243,-0.1
25336,-0.1
25430,-0.1
25523,-0.1
25616,-0.1
25709,-0.1
25802,-0.1
25895,-0.1
25989,-0.1
26082,-0.1
26175,-0.1
26268,-0.1
26361,-0.1
26455,-0.1
26548,-0.1
26641,-0.1
26735,-0.1
26828,-0.1
26921,-0.1
27015,-0.1
27108,-0.1
27201,-0.1
27294,-0.1
27387,-0.1
27481,-0.1
27574,-0.1
27667,-0.1
27760,-0.1
27853,-0.1
27947,-0.1
28040,-0.1
28133,-0.1
28226,-0.1
28319,-0.1
28412,-0.1
28506,-0.1
28599,-0.1
28692,-0.1
28785,-0.1
28878,-0.1
28972,-0.1
29066,-0.1
29159,-0.1
29252,-0.1
29345,-0.1
29438,-0.1
29532,-0.1
29625,-0.1
29718,-0.1
29811,-0.1
29904,-0.1
29998,-0.1
30091,-0.1
30184,-0.1
30277,-0.1
30370,-0.1
30464,-0.1
30557,-0.1
30650,-0.1
30743,-0.1
30836,-0.1
30929,-0.1
31023,-0.1
31116,-0.1
31209,-0.1
31302,-0.1
31395,-0.1
31489,-0.1
31583,-0.1
31676,-0.1
31769,-0.1
31862,-0.1
31955,-0.1
32049,-0.1
32142,-0.1
32235,-0.1
32328,-0.1
32421,-0.1
32515,-0.1
32608,-0.1
32701,-0.1
32794,-0.1
32887,-0.1
32980,-0.1
33074,-0.1
33167,-0.1
33260,-0.1
33353,-0.1
33446,-0.1
33540,-0.1
33633,-0.1
33726,-0.1
33819,-0.1
33912,-0.1
34006,-0.1
34100,-0.1
34193,-0.1
34286,-0.1
34379,-0.1
34472,-0.1
34566,-0.1
34659,-0.1
34752,-0.1
34845,-0.1
34938,-0.1
35032,-0.1
35125,-0.1
35218,-0.1
35311,-0.1
35404,-0.1
35497,-0.1
35591,-0.1
35684,-0.1
35777,-0.1
35870,-0.1
35963,-0.1
36057,-0.1
36150,-0.1
36243,-0.1
36336,-0.1
36429,-0.1
36523,-0.1
36617,-0.1
36710,-0.1
36803,-0.1
36896,-0.1
36989,-0.1
37083,-0.1
37176,-0.1
37269,-0.1
37362,-0.1
37455,-0.1
37549,-0.1
37642,-0.1
37735,-0.1
37828,-0.1
37921,-0.1
38014,-0.1
38108,-0.1
38201,-0.1
38294,-0.1
38387,-0.1
38480,-0.1
38574,-0.1
38667,-0.1
38760,-0.1
38853,-0.1
38946,-0.1
39040,-0.1
39133,-0.1
39227,-0.1
39320,-0.1
39413,-0.1
39506,-0.1
39600,-0.1
39693,-0.1
39786,-0.1
39879,-0.1
39972,-0.1
40066,-0.1
40159,-0.1
40252,-0.1
40345,-0.1
40438,-0.1
40531,-0.1
40625,-0.1
40718,-0.1
40811,-0.1
40904,-0.1
40997,-0.1
41091,-0.1
41184,-0.1
41277,-0.1
41370,-0.1
41463,-0.1
41556,-0.1
41650,-0.1
41743,-0.1
41837,-0.1
41930,-0.1
42023,-0.1
42117,-0.1
42210,-0.1
42303,-0.1
42396,-0.1
42489,-0.1
42583,-0.1
42676,-0.1
42769,-0.1
42862,-0.1
42955,-0.1
43048,-0.1
43142,-0.1
43235,-0.1
43328,-0.1
43421,-0.1
43514,-0.1
43608,-0.1
43701,-0.1
43794,-0.1
43887,-0.1
43980,-0.1
44073,-0.1
44167,-0.1
44260,-0.1
44353,-0.0
44446,-0.0
44539,-0.0
44633,-0.0
44727,-0.0
44820,-0.0
44913,-0.1
45006,-0.1
45100,-0.1
45193,-0.1
45286,-0.1
45379,-0.1
45472,-0.1
45565,-0.1
45659,-0.1
45752,-0.1
45845,-0.1
45938,-0.1
46031,-0.1
46125,-0.1
46218,-0.1
46311,-0.1
46404,-0.1
46497,-0.1
46590,-0.1
46684,-0.1
46777,-0.1
46870,-0.1
46963,-0.1
47056,-0.1
47150,-0.1
47243,-0.1
47336,-0.1
47429,-0.1
47523,-0.1
47617,-0.1
47710,-0.1
47803,-0.1
47896,-0.1
47989,-0.1
48082,-0.1
48176,-0.1
48269,-0.1
48362,-0.1
48455,-0.1
48548,-0.1
48642,-0.1
48735,-0.1
48828,-0.1
48921,-0.1
49014,-0.1
49107,-0.1
49201,-0.1
49294,-0.1
49387,-0.1
49480,-0.1
49573,-0.1
49667,-0.1
49760,-0.1
49853,-0.1
49946,-0.1
50039,-0.1
50132,-0.1
50226,-0.1
50319,-0.1
50413,-0.1
50506,-0.1
50599,-0.1
50693,-0.1
50786,-0.1
50879,-0.1
50972,-0.1
51065,-0.1
51159,-0.1
51252,-0.1
51345,-0.1
51438,-0.1
51531,-0.1
51624,-0.1
51718,-0.1
51811,-0.1
51904,-0.1
51997,-0.1
52090,-0.1
52184,-0.1
52277,-0.1
52370,-0.1
52463,-0.1
52556,-0.1
52649,-0.1
52743,-0.1
52836,-0.1
52929,-0.1
53022,-0.1
53115,-0.1
53209,-0.1
53303,-0.1
53396,-0.1
53489,-0.1
53582,-0.1
53676,-0.1
53769,-0.1
53862,-0.1
53955,-0.1
54048,-0.1
54141,-0.1
54235,-0.1
54328,-0.1
54421,-0.1
54514,-0.1
54607,-0.1
54701,-0.1
54794,-0.1
54887,-0.1
54980,-0.1
55073,-0.1
55166,-0.1
55260,-0.1
55353,-0.1
55446,-0.1
55539,-0.1
55632,-0.1
55726,-0.1
55819,-0.1
55912,-0.1
56005,-0.1
56098,-0.1
56192,-0.1
56286,-0.1
56379,-0.1
56472,-0.1
56565,-0.1
56658,-0.1
56752,-0.1
56845,-0.1
56938,-0.1
57031,-0.1
57124,-0.1
57218,-0.1
57311,-0.1
57404,-0.1
57497,-0.1
57590,-0.1
57683,-0.1
57777,-0.1
57870,-0.1
57963,-0.1
58056,-0.1
58149,-0.1
58243,-0.1
58336,-0.1
58429,-0.1
58522,-0.1
58615,-0.1
58708,-0.1
58802,-0.1
58895,-0.1
58988,-0.1
59081,-0.1
59174,-0.1
59269,-0.1
59362,-0.1
59455,-0.1
59548,-0.1
59641,-0.1
59735,-0.1
59828,-0.1
59921,-0.1
60014,-0.1
60107,-0.1
60200,-0.1
60294,-0.1
60387,-0.1
60480,-0.1
60573,-0.1
60666,-0.1
60760,-0.1
60853,-0.1
60946,-0.1
61039,-0.1
61132,-0.1
61225,-0.1
61319,-0.1
61412,-0.1
61505,-0.1
61598,-0.1
61691,-0.1
61785,-0.1
61878,-0.1
61971,-0.1
62064,-0.1
62157,-0.1
62251,-0.1
62344,-0.1
62438,-0.1
62531,-0.1
62624,-0.1
62717,-0.1
62811,-0.1
62904,-0.1
62997,-0.1
63090,-0.0
63183,-0.1
63277,-0.1
63370,-0.1
63463,-0.1
63556,-0.1
63649,-0.1
63742,-0.1
63836,-0.1
63929,-0.1
64022,-0.1
64115,-0.1
64208,-0.1
64302,-0.1
64395,-0.1
64488,-0.1
64581,-0.1
64674,-0.1
64768,-0.1
64861,-0.1
64954,-0.1
65047,-0.1
65140,-0.1
65233,-0.1
65327,-0.1
65420,-0.1
65513,-0.1
65606,-0.1
65699,-0.1
65794,-0.1
65887,-0.1
65980,-0.1
66073,-0.1
66166,-0.1
66259,-0.1
66353,-0.1
66446,-0.1
66539,-0.1
66632,-0.1
66725,-0.1
66819,-0.1
66912,-0.1
67005,-0.1
67098,-0.1
67191,-0.1
67284,-0.1
67378,-0.1
67471,-0.1
67564,-0.1
67657,-0.1
67750,-0.1
67844,-0.1
67937,-0.1
68030,-0.1
68123,-0.1
68216,-0.1
68310,-0.1
68403,-0.1
68496,-0.1
68589,-0.1
68682,-0.1
68775,-0.1
68869,-0.1
68962,-0.1
69055,-0.1
69148,-0.1
69242,-0.1
69336,-0.1
69429,-0.1
69522,-0.1
69615,-0.1
69708,-0.1
69801,-0.1
69895,-0.1
69988,-0.1
70081,-0.1
70174,-0.1
70267,-0.1
70361,-0.1
70454,-0.1
70547,-0.1
70640,-0.1
70733,-0.1
70827,-0.1
70920,-0.1
71013,-0.1
71106,-0.1
71199,-0.1
71292,-0.1
71386,-0.1
71479,-0.1
71572,-0.1
71665,-0.1
71758,-0.1
71852,-0.1
71945,-0.1
72038,-0.1
72131,-0.1
72224,-0.1
72317,-0.1
72411,-0.1
72504,-0.1
72597,-0.1
72690,-0.1
72783,-0.1
72877,-0.1
72971,-0.1
73064,-0.1
73157,-0.1
73250,-0.1
73344,-0.1
73437,-0.1
73530,-0.1
73623,-0.1
73716,-0.1
73809,-0.1
73903,-0.1
73996,-0.1
74089,-0.1
74182,-0.1
74275,-0.1
74369,-0.1
74462,-0.1
74555,-0.1
74648,-0.1
74741,-0.1
74834,-0.1
74928,-0.1
75021,-0.1
75114,-0.1
75207,-0.1
75300,-0.1
75394,-0.1
75487,-0.1
75580,-0.1
75673,-0.1
75766,-0.1
75859,-0.1
75953,-0.1
76046,-0.1
76139,-0.1
76232,-0.1
76325,-0.1
76419,-0.1
76512,-0.1
76605,-0.1
76698,-0.1
76792,-0.1
108574,-0.1
108667,-0.1
108761,-0.1
108854,-0.1
108947,-0.1
109040,-0.1
109133,-0.1
109228,-0.1
109321,-0.1
109414,-0.1
109507,-0.1
109600,-0.1
109693,-0.1
109787,-0.1
109880,-0.1
109973,-0.1
110066,-0.1
110159,-0.1
110253,-0.1
110346,-0.1
110439,-0.1
110532,-0.1
110625,-0.1
110718,-0.1
110812,-0.1
110905,-0.1
110998,-0.1
111091,-0.1
111184,-0.1
111278,-0.1
111371,-0.1
111464,-0.1
111557,-0.1
111650,-0.1
111744,-0.1
111837,-0.1
111930,-0.1
112023,-0.1
112116,-0.1
112209,-0.1
112303,-0.1
112396,-0.1
112489,-0.0
112582,-0.0
112675,-0.1
112769,-0.0
112862,-0.1
112955,-0.0
113048,-0.1
113141,-0.1
113234,-0.1
113328,-0.0
113421,-0.0
113514,-0.1
113607,-0.1
113700,-0.1
113794,-0.0
113887,-0.0
113980,-0.1
114073,-0.0
114166,-0.0
114259,-0.0
114353,-0.0
114446,-0.0
114539,-0.0
114632,-0.0
114725,-0.1
114819,-0.1
114912,-0.1
115005,-0.0
115098,-0.0
115191,-0.0
115284,-0.0
115379,-0.0
115472,-0.0
115565,-0.1
115658,-0.0
115751,-0.0
115845,-0.0
115938,-0.0
116031,-0.1
116124,-0.0
116217,-0.0
116311,-0.0
116404,-0.0
116497,-0.0
116590,-0.0
116683,-0.0
116776,-0.0
116870,-0.0
116963,-0.1
117056,-0.1
117149,-0.1
117242,-0.1
117336,-0.1
117429,-0.1
117522,-0.1
117615,-0.0
117708,-0.0
117801,-0.0
117895,-0.0
117988,-0.1
118081,-0.0
118174,-0.0
118267,-0.0
118361,-0.0
118454,-0.0
118547,-0.0
118640,-0.0
118733,-0.0
118827,-0.1
118920,-0.1
119013,-0.0
119106,-0.0
119199,-0.0
119292,-0.0
119386,-0.0
119479,-0.0
119572,-0.0
119665,-0.0
119758,-0.1
119852,-0.1
119945,-0.1
120038,-0.0
120131,-0.1
120224,-0.1
120317,-0.1
120411,-0.0
120504,-0.1
120597,-0.0
120690,-0.0
120783,-0.1
120877,-0.1
120970,-0.0
121063,-0.0
121156,-0.1
121249,-0.1
121342,-0.1
121436,-0.1
121529,-0.1
121622,-0.1
121715,-0.1
121808,-0.1
121902,-0.0
121995,-0.0
122089,-0.0
122182,-0.1
122275,-0.1
122369,-0.1
122462,-0.1
122555,-0.1
122648,-0.0
122741,-0.0
122834,-0.0
122928,-0.1
123021,-0.1
123114,-0.1
123207,-0.1
123300,-0.1
123394,-0.1
123487,-0.0
123580,-0.1
123673,-0.1
123766,-0.1
123859,-0.1
123953,-0.1
124046,-0.1
124139,-0.0
124232,-0.1
124325,-0.1
124419,-0.1
124512,-0.0
124605,-0.1
124698,-0.0
124791,-0.1
124884,-0.1
124978,-0.1
125071,-0.1
125164,-0.1
125257,-0.0
125350,-0.0
125444,-0.1
125537,-0.0
125630,-0.0
125723,-0.0
125816,-0.1
125910,-0.0
126003,-0.0
126096,-0.0
126189,-0.1
126282,-0.1
126375,-0.0
126469,-0.0
126562,-0.0
126655,-0.0
126748,-0.0
126841,-0.0
126935,-0.0
127028,-0.0
127121,-0.0
127214,-0.0
127307,-0.0
127400,-0.0
127494,-0.1
127587,-0.1
127680,-0.0
127773,-0.1
127866,-0.1
127960,-0.1
128053,-0.1
128146,-0.0
128239,-0.0
128332,-0.1
128425,-0.1
128519,-0.1
128612,-0.1
128705,-0.1
128798,-0.0
128891,-0.1
128985,-0.1
129078,-0.0
129171,-0.0
129264,-0.0
129357,-0.0
129452,-0.0
129545,-0.1
129638,-0.1
129731,-0.0
129824,-0.0
129917,-0.0
130011,-0.0
130104,-0.0
130197,-0.0
130290,-0.0
130383,-0.1
130477,-0.1
130570,-0.0
130663,-0.0
130756,-0.1
130849,-0.0
130942,-0.0
131036,-0.1
131129,-0.0
131222,-0.0
131315,-0.0
131408,-0.0
131502,-0.0
131595,-0.0
131688,-0.0
131781,-0.0
131874,-0.0
131968,-0.0
132061,-0.0
132154,-0.0
132247,-0.0
132340,-0.0
132433,-0.0
132527,-0.0
132620,-0.0
132713,-0.0
132806,-0.0
132899,-0.1
132993,-0.0
133086,-0.0
133179,-0.0
133272,-0.0
133365,-0.0
133458,-0.0
133552,-0.0
133645,-0.0
133738,-0.1
133831,-0.0
133924,-0.0
134018,-0.0
134111,-0.0
134204,-0.0
134297,-0.1
134390,-0.0
134483,-0.0
134577,-0.0
134670,-0.0
134763,-0.0
134856,-0.0
134949,-0.0
135043,-0.0
135136,-0.0
135229,-0.0
135322,-0.0
135415,-0.0
135508,-0.0
135602,-0.0
135695,-0.0
135788,-0.0
135881,-0.0
135974,-0.0
136068,-0.0
136161,-0.0
136254,-0.0
136347,-0.0
136440,-0.0
136534,-0.0
136627,-0.0
136721,-0.0
136814,-0.0
136907,-0.0
137000,-0.0
137094,-0.0
137187,-0.0
137280,0.0
137373,0.0
137466,-0.0
137560,-0.0
137653,-0.0
137746,-0.0
137839,-0.0
137932,-0.0
138025,-0.0
138119,-0.0
138212,0.0
138305,-0.0
138398,-0.0
138491,-0.0
138585,-0.0
138678,-0.0
138771,-0.0
138864,-0.0
138957,-0.0
139051,-0.0
139144,-0.0
139237,-0.0
139330,-0.0
139423,-0.0
139516,0.0
139610,-0.0
139703,-0.0
139796,-0.0
139889,-0.0
139982,-0.0
140076,-0.0
140169,-0.0
140262,-0.0
140355,-0.0
140448,-0.0
140541,-0.0
140635,-0.0
140728,-0.0
140821,-0.0
140914,-0.0
141007,-0.0
141101,-0.0
141194,-0.0
141287,0.0
141380,-0.0
141473,-0.0
141566,-0.0
141660,-0.0
141753,-0.0
141846,-0.0
141939,-0.0
142032,-0.0
142126,-0.0
142219,-0.0
142312,-0.0
142405,0.0
142498,-0.0
142592,-0.0
142685,-0.0
142778,-0.0
142871,-0.0
142964,-0.0
143057,-0.0
143151,-0.0
143244,-0.0
143337,-0.0
143430,-0.0
143523,-0.1
143617,-0.1
143711,-0.1
143804,-0.1
143897,-0.1
143990,-0.1
144083,-0.1
144177,-0.0
144270,-0.0
144363,-0.1
144456,-0.0
144549,-0.1
144643,-0.1
144736,-0.1
144829,-0.1
144922,-0.0
145015,-0.0
145108,-0.1
145202,-0.1
145295,-0.1
145388,-0.0
145481,-0.1
145574,-0.1
145668,-0.1
145761,-0.0
145854,-0.0
145947,-0.0
146040,-0.0
146134,-0.0
146227,-0.0
146320,-0.0
146413,-0.0
146506,-0.0
146599,-0.0
146693,-0.0
146786,-0.0
146879,-0.0
146972,-0.0
147065,-0.0
147159,-0.0
147252,-0.0
147345,-0.0
147438,-0.0
147531,0.0
147624,-0.0
147718,-0.0
147811,-0.0
147904,-0.0
147997,-0.0
148090,-0.0
148184,-0.0
148277,-0.0
148370,-0.0
148463,-0.0
148556,-0.0
148649,-0.0
148743,-0.0
148836,-0.0
148929,-0.0
149022,-0.0
149115,-0.0
149209,-0.0
149302,-0.0
149395,-0.0
149488,-0.0
149581,-0.0
149675,-0.0
149768,-0.1
149861,-0.1
149954,-0.0
150047,-0.1
150140,-0.1
150234,-0.1
150327,-0.1
150420,-0.0
150513,-0.1
150606,-0.1
150700,-0.0
150793,-0.0
150886,-0.0
150979,-0.1
151072,-0.1
151165,-0.0
151259,-0.0
151352,-0.1
151445,-0.1
151538,-0.1
151631,-0.0
151725,-0.1
151818,-0.1
151911,-0.1
152005,-0.0
152098,-0.0
152192,-0.1
152285,-0.1
152378,-0.1
152471,-0.0
152564,-0.1
152657,-0.1
152751,-0.1
152844,-0.1
152937,-0.1
153030,-0.1
153123,-0.1
153217,-0.1
153310,-0.1
153403,-0.1
153496,-0.1
153589,-0.1
153682,-0.1
153776,-0.1
153869,-0.1
153962,-0.1
154055,-0.1
154148,-0.1
154242,-0.1
154335,-0.1
154428,-0.1
154521,-0.0
154614,-0.0
154707,-0.1
154801,-0.0
154894,-0.0
154987,-0.0
155080,-0.0
155173,-0.1
155267,-0.1
155360,-0.1
155453,-0.1
155546,-0.1
155639,-0.1
155732,-0.1
155826,-0.1
155919,-0.1
156012,-0.1
156105,-0.1
156198,-0.1
156292,-0.1
156385,-0.1
156478,-0.1
156571,-0.0
156664,-0.0
156758,-0.1
156851,-0.1
156944,-0.1
157037,-0.1
157130,-0.1
157223,-0.1
157317,-0.1
157410,-0.1
157503,-0.1
157596,-0.1
157689,-0.1
157783,-0.1
157876,-0.1
157969,-0.1
158062,-0.1
158155,-0.1
158248,-0.1
158342,-0.1
158435,-0.1
158528,-0.1
158621,-0.1
158714,-0.1
158808,-0.1
158901,-0.1
158994,-0.1
159087,-0.1
159180,-0.1
159273,-0.1
159367,-0.1
159460,-0.1
159553,-0.1
159646,-0.1
159739,-0.1
159833,-0.1
159926,-0.1
160019,-0.1
160112,-0.1
160205,-0.1
160299,-0.1
160392,-0.1
160485,-0.1
160578,-0.1
160671,-0.1
160764,-0.1
160858,-0.1
160951,-0.1
161044,-0.1
161137,-0.1
161230,-0.1
161324,-0.1
161417,-0.1
161510,-0.1
161603,-0.1
161696,-0.1
161789,-0.1
161883,-0.1
161976,-0.1
162069,-0.1
162162,-0.1
162255,-0.1
162349,-0.1
162442,-0.1
162535,-0.1
162629,-0.1
162722,-0.1
162816,-0.1
162909,-0.1
163002,-0.1
163095,-0.1
163188,-0.1
163281,-0.1
163375,-0.1
163468,-0.1
163561,-0.1
163654,-0.1
163747,-0.1
163841,-0.1
163934,-0.1
164027,-0.1
164120,-0.1
164213,-0.1
164306,-0.1
164400,-0.1
164493,-0.1
164586,-0.0
164679,-0.0
164772,-0.0
164866,-0.0
164959,-0.0
165052,-0.0
165145,0.0
165238,-0.0
165331,-0.0
165425,-0.0
165518,-0.0
165611,-0.0
165704,-0.0
165797,-0.0
165891,-0.0
165984,-0.0
166077,-0.0
166170,-0.0
166263,-0.0
166356,-0.1
166450,-0.1
166543,-0.0
166636,-0.1
166729,-0.1
166822,-0.1
166916,-0.1
167009,-0.1
167102,-0.1
167195,-0.0
167288,-0.1
167382,-0.1
167475,-0.1
167568,-0.1
167661,-0.1
167754,-0.1
167847,-0.1
167941,-0.1
168034,-0.1
168127,-0.1
168220,-0.1
168313,-0.1
168407,-0.1
168500,-0.1
168593,-0.1
168686,-0.1
168779,-0.1
168872,-0.1
168966,-0.1
169059,-0.1
169152,-0.1
169245,-0.1
169338,-0.1
169432,-0.1
169525,-0.1
169618,-0.1
169711,-0.1
169804,-0.1
169897,-0.1
169991,-0.1
170084,-0.1
170177,-0.1
170270,-0.1
170363,-0.1
170457,-0.1
170550,-0.1
170643,-0.1
170736,-0.1
170829,-0.1
170923,-0.1
171016,-0.1
171109,-0.1
171202,-0.1
171295,-0.1
171388,-0.1
171482,-0.1
171575,-0.1
171668,-0.1
171761,-0.1
171854,-0.1
171948,-0.1
172041,-0.1
172134,-0.1
172227,-0.1
172320,-0.1
172413,-0.1
172507,-0.1
172600,-0.1
172693,-0.1
172786,-0.1
172879,-0.1
172973,-0.1
173066,-0.1
173159,-0.1
173252,-0.1
173345,-0.1
173438,-0.1
173532,-0.1
173625,-0.1
173718,-0.1
173811,-0.1
173904,-0.1
173998,-0.1
174091,-0.1
174184,-0.1
174277,-0.1
174370,-0.1
174464,-0.1
174557,-0.1
174650,-0.1
174743,-0.1
174836,-0.1
174929,-0.1
175023,-0.1
175116,-0.1
175209,-0.1
175302,-0.1
175395,-0.1
175489,-0.1
175582,-0.1
175675,-0.1
175768,-0.1
175861,-0.1
175954,-0.1
176048,-0.1
176141,-0.1
176234,-0.1
176327,-0.1
176420,-0.1
176514,-0.1
176607,-0.1
176700,-0.1
176793,-0.1
176886,-0.1
176979,-0.1
177073,-0.1
177166,-0.1
177259,-0.1
177352,-0.1
177446,-0.1
177540,-0.1
177633,-0.1
177726,-0.1
177819,-0.1
177912,-0.1
178006,-0.1
178099,-0.1
178192,-0.1
178285,-0.1
178378,-0.1
178471,-0.1
178565,-0.1
178658,-0.1
178751,-0.1
178844,-0.1
178937,-0.1
179031,-0.1
179124,-0.1
179217,-0.1
179310,-0.1
179403,-0.1
179496,-0.1
179590,-0.1
179683,-0.1
179776,-0.1
179869,-0.1
179962,-0.1
180056,-0.1
180149,-0.1
180242,-0.1
180335,-0.1
180428,-0.1
180521,-0.1
180615,-0.1
180708,-0.1
180801,-0.1
180894,-0.1
180987,-0.1
181081,-0.1
181174,-0.1
181267,-0.1
181360,-0.1
181453,-0.1
181547,-0.1
181640,-0.1
181733,-0.1
181826,-0.1
181919,-0.1
182012,-0.1
182106,-0.1
182199,-0.1
182292,-0.1
182385,-0.1
182478,-0.1
182572,-0.1
182665,-0.1
182758,-0.1
182851,-0.1
182944,-0.1
183037,-0.1
183131,-0.1
183224,-0.1
183317,-0.1
183410,-0.1
183503,-0.1
183597,-0.1
183690,-0.1
183783,-0.1
183876,-0.1
183969,-0.1
184062,-0.1
184156,-0.1
184249,-0.1
184342,-0.1
184435,-0.1
184528,-0.1
184622,-0.1
184715,-0.1
184808,-0.1
184901,-0.1
184994,-0.1
185088,-0.1
185181,-0.1
185274,-0.1
185367,-0.1
185460,-0.1
185553,-0.1
185647,-0.1
185740,-0.1
185833,-0.1
185926,-0.1
186019,-0.1
186113,-0.1
186206,-0.1
186299,-0.1
186392,-0.1
186485,-0.1
186578,-0.1
186672,-0.1
186765,-0.1
186858,-0.1
186951,-0.1
187044,-0.1
187138,-0.1
187231,-0.1
187324,-0.1
187417,-0.1
187510,-0.1
187603,-0.1
187697,-0.1
187790,-0.1
187883,-0.1
187976,-0.1
188069,-0.1
188163,-0.1
188256,-0.1
188349,-0.1
188442,-0.1
188535,-0.1
188628,-0.1
188722,-0.1
188815,-0.1
188908,-0.1
189001,-0.1
189094,-0.1
189188,-0.1
189281,-0.1
189374,-0.1
189467,-0.1
189560,-0.1
189654,-0.1
189747,-0.1
189840,-0.1
189933,-0.1
190026,-0.1
190119,-0.1
190213,-0.2
190306,-0.2
190399,-0.1
190492,-0.1
190585,-0.1
190679,-0.1
190772,-0.1
190865,-0.1
190958,-0.1
191051,-0.2
191144,-0.1
191238,-0.1
191331,-0.1
191424,-0.2
191517,-0.2
191610,-0.1
191704,-0.1
191797,-0.1
191890,-0.1
191983,-0.1
192076,-0.2
192169,-0.1
192263,-0.1
192356,-0.1
192449,-0.1
192542,-0.2
192635,-0.1
192729,-0.1
192822,-0.2
192915,-0.2
193008,-0.2
193101,-0.2
193195,-0.2
193288,-0.2
193381,-0.2
193474,-0.2
193567,-0.1
193660,-0.1
193754,-0.1
193847,-0.2
193940,-0.1
194033,-0.1
194126,-0.1
194220,-0.1
194313,-0.1
194406,-0.1
194499,-0.2
194592,-0.2
194685,-0.1
194779,-0.2
194872,-0.2
194965,-0.1
195058,-0.1
195151,-0.1
195245,-0.1
195338,-0.2
195431,-0.2
195524,-0.2
195617,-0.2
195710,-0.2
195804,-0.2
195897,-0.2
195990,-0.2
196083,-0.2
196176,-0.2
196270,-0.1
196363,-0.1
196456,-0.2
196549,-0.2
196642,-0.2
196736,-0.1
196829,-0.1
196922,-0.1
197015,-0.1
197108,-0.1
197201,-0.1
197295,-0.1
197388,-0.1
197481,-0.1
197574,-0.2
197667,-0.1
197761,-0.1
197854,-0.1
197947,-0.2
198040,-0.2
198133,-0.2
198226,-0.2
198320,-0.2
198413,-0.2
198506,-0.2
198599,-0.2
198692,-0.2
198786,-0.2
198879,-0.2
198972,-0.2
199065,-0.2
199158,-0.2
199251,-0.1
199345,-0.2
199438,-0.2
199531,-0.2
199624,-0.2
199717,-0.2
199811,-0.2
199904,-0.2
199997,-0.2
200090,-0.2
200183,-0.2
200276,-0.2
200370,-0.2
200463,-0.1
200556,-0.1
200649,-0.1
200742,-0.2
200836,-0.2
200929,-0.2
201022,-0.2
201115,-0.1
201208,-0.1
201302,-0.1
201395,-0.1
201488,-0.1
201581,-0.1
201674,-0.1
201767,-0.2
201860,-0.1
201953,-0.2
202046,-0.2
202139,-0.1
202232,-0.1
202326,-0.2
202419,-0.1
202512,-0.1
202605,-0.1
202698,-0.1
202791,-0.1
202885,-0.1
202978,-0.1
203071,-0.1
203164,-0.1
203257,-0.1
203351,-0.1
203444,-0.1
203537,-0.1
203630,-0.1
203723,-0.1
203816,-0.1
203910,-0.2
204003,-0.2
204096,-0.1
204189,-0.1
204282,-0.1
204376,-0.1
204469,-0.1
204562,-0.1
204655,-0.1
204748,-0.1
204841,-0.1
204935,-0.1
205028,-0.1
205121,-0.1
205214,-0.1
205307,-0.1
205401,-0.1
205494,-0.1
205587,-0.1
205680,-0.1
205773,-0.1
205867,-0.1
205960,-0.1
206053,-0.1
206146,-0.1
206239,-0.1
206332,-0.1
206426,-0.1
206519,-0.1
206612,-0.1
206705,-0.1
206798,-0.1
206892,-0.1
206985,-0.1
207078,-0.1
207171,-0.1
207264,-0.1
207357,-0.1
207451,-0.1
207544,-0.1
207637,-0.1
207730,-0.1
207823,-0.1
207917,-0.1
208010,-0.1
208103,-0.1
208196,-0.1
208289,-0.1
208382,-0.1
208476,-0.1
208569,-0.1
208662,-0.1
208755,-0.1
208848,-0.1
208942,-0.1
209035,-0.1
209128,-0.1
209221,-0.1
209314,-0.1
209408,-0.1
209501,-0.1
209594,-0.1
209687,-0.1
209780,-0.1
209873,-0.1
209967,-0.1
210060,-0.1
210153,-0.1
210246,-0.1
210339,-0.1
210433,-0.1
210526,-0.1
210619,-0.1
210712,-0.1
210805,-0.1
210898,-0.0
210992,-0.1
211085,-0.1
211178,-0.1
211271,-0.1
211364,-0.1
211458,-0.1
211551,-0.1
211644,-0.1
211737,-0.1
211830,-0.1
211923,-0.1
212017,-0.1
212110,-0.1
212203,-0.1
212296,-0.1
212389,-0.1
212483,-0.1
212576,-0.1
212669,-0.1
212762,-0.1
212855,-0.1
212948,-0.1
213042,-0.1
213135,-0.1
213228,-0.1
213321,-0.1
213414,-0.1
213508,-0.1
213601,-0.1
213694,-0.1
213787,-0.1
213880,-0.1
213974,-0.1
214067,-0.1
214160,-0.1
214253,-0.1
214346,-0.1
214439,-0.1
214533,-0.1
214626,-0.1
214719,-0.1
214812,-0.1
214905,-0.1
214999,-0.1
215092,-0.1
215185,-0.1
215278,-0.1
215371,-0.1
215464,-0.1
215558,-0.1
215651,-0.1
215744,-0.1
215837,-0.1
215930,-0.1
216024,-0.1
216117,-0.1
216210,-0.1
216303,-0.1
216396,-0.1
216489,-0.1
216583,-0.1
216676,-0.1
216769,-0.1
216862,-0.1
216954,-0.1
217048,-0.1
217141,-0.1
217234,-0.1
217327,-0.1
217420,-0.1
217513,-0.1
217607,-0.1
217700,-0.1
217793,-0.1
217886,-0.1
217979,-0.1
218073,-0.1
218166,-0.1
218259,-0.1
218352,-0.1
218445,-0.1
218539,-0.1
218632,-0.1
218725,-0.1
218818,-0.2
218911,-0.1
219004,-0.1
219098,-0.1
219191,-0.1
219284,-0.1
219377,-0.1
219470,-0.1
219564,-0.1
219657,-0.1
219750,-0.1
219843,-0.1
219936,-0.1
220029,-0.1
220123,-0.1
220216,-0.1
220309,-0.1
220402,-0.1
220495,-0.1
220589,-0.1
220682,-0.1
220775,-0.1
220868,-0.1
220961,-0.1
221054,-0.1
221148,-0.1
221241,-0.1
221334,-0.1
221427,-0.1
221520,-0.1
221614,-0.1
221707,-0.1
221800,-0.1
221893,-0.1
221986,-0.1
222080,-0.1
222173,-0.1
222266,-0.1
222359,-0.1
222452,-0.1
222545,-0.1
222639,-0.1
222732,-0.1
222825,-0.1
222918,-0.1
223011,-0.1
223105,-0.1
223198,-0.1
223291,-0.1
223384,-0.1
223477,-0.1
223570,-0.1
223664,-0.1
223757,-0.1
223850,-0.1
223943,-0.1
224036,-0.1
224130,-0.1
224223,-0.1
224316,-0.1
224409,-0.1
224502,-0.1
224595,-0.1
224689,-0.1
224782,-0.1
224875,-0.1
224968,-0.1
225061,-0.1
225155,-0.1
225248,-0.1
225341,-0.1
225434,-0.1
225527,-0.1
225620,-0.1
225714,-0.1
225807,-0.1
225900,-0.1
225993,-0.1
226086,-0.1
226180,-0.1
226273,-0.1
226366,-0.1
226459,-0.1
226552,-0.1
226646,-0.1
226739,-0.1
226832,-0.1
226925,-0.1
227018,-0.1
227111,-0.1
227205,-0.1
227298,-0.1
227391,-0.1
227484,-0.1
227576,-0.1
227670,-0.1
227763,-0.1
227856,-0.1
227949,-0.1
228042,-0.1
228135,-0.1
228229,-0.1
228322,-0.1
228415,-0.1
228508,-0.1
228601,-0.1
228695,-0.1
228788,-0.1
228881,-0.1
228974,-0.1
229067,-0.1
229160,-0.1
229254,-0.1
229347,-0.1
229440,-0.1
229533,-0.1
229626,-0.1
229720,-0.1
229813,-0.1
229906,-0.1
229999,-0.1
230092,-0.1
230185,-0.1
230279,-0.1
230372,-0.1
230465,-0.1
230558,-0.1
230651,-0.1
230745,-0.1
230838,-0.1
230931,-0.1
231024,-0.1
231117,-0.1
231211,-0.1
231304,-0.1
231397,-0.1
231490,-0.1
231583,-0.1
231676,-0.1
231770,-0.1
231863,-0.1
231956,-0.1
232049,-0.1
232142,-0.1
232236,-0.1
232329,-0.1
232422,-0.1
232515,-0.1
232608,-0.1
232701,-0.1
232795,-0.1
232888,-0.1
232981,-0.1
233074,-0.1
233167,-0.1
233261,-0.1
233354,-0.1
233447,-0.1
233540,-0.1
233633,-0.1
233726,-0.1
233820,-0.1
233913,-0.1
234006,-0.1
234099,-0.1
234192,-0.1
234286,0
reset
923,0.2
1027,0.3
1120,0.1
1213,-0.0
1306,0.0
1399,0.1
1492,0.1
1586,0.2
1678,0.2
1771,0.1
1864,0.1
1957,0.1
2051,0.1
2144,0.1
2237,0.1
2330,0.1
2423,0.1
2516,0.1
2610,0.1
2703,0.1
2796,0.1
2889,0.2
2982,0.1
3076,0.1
3169,0.1
3262,0.1
3355,0.1
3448,0.1
3542,0.1
3635,0.1
3728,0.1
3821,0.1
3914,0.1
4007,0.2
4101,0.1
4194,0.1
4287,0.2
4380,0.1
4473,0.1
4567,0.1
4660,0.1
4753,0.1
4846,0.2
4939,0.1
5032,0.1
5126,0.1
5219,0.1
5312,0.1
5405,0.1
5498,0.1
5592,0.1
5685,0.1
5778,0.1
5871,0.1
5964,0.2
6057,0.2
6151,0.2
6244,0.4
6337,0.8
6430,0.8
6523,1.1
6617,1.4
6710,2.1
6803,3.7
6896,5.6
6989,7.3
7083,8.9
7176,10.6
7269,12.1
7362,12.2
7455,11.7
7548,9.0
7642,5.9
7735,3.6
7828,1.8
7921,0.7
8014,0.1
8108,-0.1
8201,-0.1
8294,-0.1
8387,0.2
8480,0.9
8573,2.2
8667,4.3
8760,6.9
8853,8.9
8946,10.2
9039,10.8
9133,11.5
9226,12.2
9319,11.9
9412,11.2
9505,10.7
9598,8.5
9692,6.1
9785,4.3
9878,2.7
9971,1.4
10064,0.5
10158,0.0
10251,-0.2
10344,-0.2
10437,0.6
10530,2.5
10624,4.5
10717,6.8
10810,8.7
10903,10.2
10996,11.3
11089,11.8
11183,11.5
11276,11.2
11369,11.4
11462,11.1
11555,10.2
11649,8.0
11742,6.0
11835,3.8
11928,1.7
12021,0.6
12114,0.1
12208,-0.1
12301,-0.2
12394,0.2
12487,1.9
12580,4.3
12674,6.9
12767,9.2
12860,10.8
12953,12.0
13046,12.8
13139,13.1
13233,12.8
13326,11.8
13419,10.3
13512,8.0
13605,6.5
13699,4.8
13792,2.6
13885,0.7
13978,-0.1
14071,-0.2
14164,-0.0
14258,1.0
14351,2.6
14444,5.0
14537,8.2
14630,10.5
14724,11.9
14817,12.8
14910,13.3
15003,13.2
15096,12.4
15190,10.8
15283,8.3
15376,5.4
15469,2.1
15562,0.2
15654,-0.2
15748,-0.2
15841,-0.2
15934,-0.2
16027,-0.2
16120,-0.2
16214,-0.2
16307,-0.2
16400,-0.2
16493,-0.2
16586,-0.2
16679,-0.2
16773,-0.2
16866,-0.2
16959,-0.2
17052,-0.2
17145,-0.2
17239,-0.2
17332,-0.2
17425,-0.2
17518,-0.2
17611,-0.2
17704,-0.2
17798,-0.2
17891,-0.2
17984,-0.2
18077,-0.2
18170,-0.2
18264,-0.2
18357,-0.2
18450,-0.2
18543,-0.2
18636,-0.2
18729,-0.2
18823,-0.2
18916,-0.2
19009,-0.2
19102,-0.2
19195,-0.2
19289,-0.2
19382,-0.2
19475,-0.2
19568,-0.2
19661,-0.1
19755,-0.2
19848,-0.2
19941,-0.2
20034,-0.2
20127,-0.2
20220,-0.2
20314,-0.2
20407,-0.2
20500,-0.2
20593,-0.2
20686,-0.2
20780,-0.2
20873,-0.2
20966,-0.1
21059,-0.2
21152,-0.2
21245,-0.1
21339,-0.2
21432,-0.2
21525,-0.2
21618,-0.2
21711,-0.2
21805,-0.2
21898,-0.1
21991,-0.1
22084,-0.2
22177,-0.2
22270,-0.2
22364,-0.2
22457,-0.2
22550,-0.2
22643,-0.2
22736,-0.2
22830,-0.2
22923,-0.2
23016,-0.1
23109,-0.2
23202,-0.1
23296,-0.1
23389,-0.1
23482,-0.1
23575,-0.1
23668,-0.1
23761,-0.1
23855,-0.1
23948,-0.2
24041,-0.1
24134,-0.1
24226,-0.1
24320,-0.2
24413,-0.1
24506,-0.1
24599,-0.1
24692,-0.1
24785,-0.1
24879,-0.1
24972,-0.1
25065,-0.1
25158,-0.1
25251,-0.1
25345,-0.1
25438,-0.1
25531,-0.2
25624,-0.2
25717,-0.1
25810,-0.1
25904,-0.1
25997,-0.1
26090,-0.1
26183,-0.1
26276,-0.1
26370,-0.1
26463,-0.1
26556,-0.2
26649,-0.2
26742,-0.1
26835,-0.1
26929,-0.1
27022,-0.1
27115,-0.1
27208,-0.1
27301,-0.1
27395,-0.1
27488,-0.1
27581,-0.1
27674,-0.1
27767,-0.1
27860,-0.2
27954,-0.1
28047,-0.1
28140,-0.2
28233,-0.2
28326,-0.2
28420,-0.1
28513,-0.1
28606,-0.1
28699,-0.1
28792,-0.2
28886,-0.2
28979,-0.2
29072,-0.2
29165,-0.2
29258,-0.2
29351,-0.1
29445,-0.1
29538,-0.1
29631,-0.2
29724,-0.2
29817,-0.2
29911,-0.1
30004,-0.2
30097,-0.2
30190,-0.1
30283,-0.2
30376,-0.2
30470,-0.2
30563,-0.2
30656,-0.2
30749,-0.2
30842,-0.2
30936,-0.2
31029,-0.2
31122,-0.2
31215,-0.2
31308,-0.2
31401,-0.2
31495,-0.2
31588,-0.2
31681,-0.2
31774,-0.2
31867,-0.2
31960,-0.2
32053,-0.2
32146,-0.2
32239,-0.2
32332,-0.2
32425,-0.2
32519,-0.2
32612,-0.2
32705,-0.2
32798,-0.2
32891,-0.2
32985,-0.2
33078,-0.2
33171,-0.2
33264,-0.2
33357,-0.2
33451,-0.2
33544,-0.2
33637,-0.2
33730,-0.2
33823,-0.2
33916,-0.2
34010,-0.2
34103,-0.2
34196,-0.2
34289,-0.2
34382,-0.2
34476,-0.3
34569,-0.2
34662,-0.2
34755,-0.2
34848,-0.2
34941,-0.2
35035,-0.2
35128,-0.2
35221,-0.2
35314,-0.2
35407,-0.2
35501,-0.2
35594,-0.2
35687,-0.2
35780,-0.2
35873,-0.2
35966,-0.2
36060,-0.2
36153,-0.2
36246,-0.2
36339,-0.2
36432,-0.2
36526,-0.3
36619,-0.3
36712,-0.3
36805,-0.3
36898,-0.3
36992,-0.2
37085,-0.2
37178,-0.2
37270,-0.3
37363,-0.3
37456,-0.3
37550,-0.3
37643,-0.2
37736,-0.2
37829,-0.2
37922,-0.2
38016,-0.2
38109,-0.2
38202,-0.2
38295,-0.2
38388,-0.2
38481,-0.2
38575,-0.2
38668,-0.2
38761,-0.2
38854,-0.2
38947,-0.2
39041,-0.2
39134,-0.2
39227,-0.2
39320,-0.2
39413,-0.1
39506,-0.2
39600,-0.2
39693,-0.2
39786,-0.1
39879,-0.1
39972,-0.1
40066,-0.1
40159,-0.1
40252,-0.1
40345,-0.1
40438,-0.1
40531,-0.1
40625,-0.2
40718,-0.2
40811,-0.2
40904,-0.2
40997,-0.2
41091,-0.2
41184,-0.2
41277,-0.2
41370,-0.1
41463,-0.2
41556,-0.2
41650,-0.2
41743,-0.2
41836,-0.2
41929,-0.2
42022,-0.2
42116,-0.2
42209,-0.2
42301,-0.2
42394,-0.2
42487,-0.2
42580,-0.2
42674,-0.2
42767,-0.2
42860,-0.2
42953,-0.2
43046,-0.2
43140,-0.2
43233,-0.2
43326,-0.2
43419,-0.2
43512,-0.2
43606,-0.2
43699,-0.2
43792,-0.2
43885,-0.2
43978,-0.2
44071,-0.2
44165,-0.2
44258,-0.2
44351,-0.2
44444,-0.2
44537,-0.2
44631,-0.2
44724,-0.2
44817,-0.2
44910,-0.2
45003,-0.2
45096,-0.2
45190,-0.2
45283,-0.2
45376,-0.2
45469,-0.2
45562,-0.2
45656,-0.2
45749,-0.2
45842,-0.2
45935,-0.2
46028,-0.2
46121,-0.2
46215,-0.2
46308,-0.2
46401,-0.2
46494,-0.2
46587,-0.2
46681,-0.2
46774,-0.2
46867,-0.2
46960,-0.2
47053,-0.2
47147,-0.2
47239,-0.2
47332,-0.2
47425,-0.2
47518,-0.2
47611,-0.2
47705,-0.2
47798,-0.2
47891,-0.2
47984,-0.2
48077,-0.2
48171,-0.2
48264,-0.2
48357,-0.2
48450,-0.2
48543,-0.2
48636,-0.2
48730,-0.2
48823,-0.2
48916,-0.2
49009,-0.1
49102,-0.1
49196,-0.2
49289,-0.2
49382,-0.2
49475,-0.2
49568,-0.2
49661,-0.2
49755,-0.2
49848,-0.2
49941,-0.2
50034,-0.2
50127,-0.2
50221,-0.2
50314,-0.2
50407,-0.2
50500,-0.2
50593,-0.2
50686,-0.2
50780,-0.1
50873,-0.2
50966,-0.2
51059,-0.2
51152,-0.2
51246,-0.2
51339,-0.2
51432,-0.2
51525,-0.2
51618,-0.2
51712,-0.1
51805,-0.1
51898,-0.2
51990,-0.2
52083,-0.2
52176,-0.1
52270,-0.2
52363,-0.2
52456,-0.2
52549,-0.2
52642,-0.2
52736,-0.2
52829,-0.2
52922,-0.2
53015,-0.2
53108,-0.2
53201,-0.2
53295,-0.2
53388,-0.2
53481,-0.2
53574,-0.2
53667,-0.2
53761,-0.2
53854,-0.2
53947,-0.2
54040,-0.2
54133,-0.2
54226,-0.2
54320,-0.2
54413,-0.2
54506,-0.2
54599,-0.2
54692,-0.2
54786,-0.2
54879,-0.2
54972,-0.2
55065,-0.2
55158,-0.2
55251,-0.2
55345,-0.2
55438,-0.2
55531,-0.2
55624,-0.2
55717,-0.2
55811,-0.2
55904,-0.2
55997,-0.2
56090,-0.2
56182,-0.2
56275,-0.2
56369,-0.2
56462,-0.2
56555,-0.2
56648,-0.2
56741,-0.2
56835,-0.2
56928,-0.2
57021,-0.2
57114,-0.2
57207,-0.2
57300,-0.2
57394,-0.2
57487,-0.2
57580,-0.2
57673,-0.2
57766,-0.2
57860,-0.2
57953,-0.2
58046,-0.2
58139,-0.2
58232,-0.2
58326,-0.2
58419,-0.2
58512,-0.2
58605,-0.2
58698,-0.2
58791,-0.2
58885,-0.2
58978,-0.2
59071,-0.2
59164,-0.2
59257,-0.2
59351,-0.2
59444,-0.2
59537,-0.2
59630,-0.2
59723,-0.2
59816,-0.2
59910,-0.2
60003,-0.2
60096,-0.2
60189,-0.2
60282,-0.2
60375,-0.2
60468,-0.2
60561,-0.2
60654,-0.2
60747,-0.2
60840,-0.2
60934,-0.2
61027,-0.2
61120,-0.2
61213,-0.2
61306,-0.2
61400,-0.2
61493,-0.2
61586,-0.2
61679,-0.2
61772,-0.2
61865,-0.2
61959,-0.2
62052,-0.2
62145,-0.2
62238,-0.2
62331,-0.2
62425,-0.2
62518,-0.2
62611,-0.2
62704,-0.2
62797,-0.2
62891,-0.2
62984,-0.2
63077,-0.2
63170,-0.2
63263,-0.2
63356,-0.2
63450,-0.2
63543,-0.2
63636,-0.2
63729,-0.2
63822,-0.2
63916,-0.2
64009,-0.2
64102,-0.2
64195,-0.2
64288,-0.2
64380,-0.2
64474,-0.2
64567,-0.2
64660,-0.2
64753,-0.2
64846,-0.2
64940,-0.2
65033,-0.2
65126,-0.2
65219,-0.2
65312,-0.2
65405,-0.2
65499,-0.2
65592,-0.2
65685,-0.2
65778,-0.2
65871,-0.2
65965,-0.2
66058,-0.2
66151,-0.2
66244,-0.2
66337,-0.2
66430,-0.2
66524,-0.2
66617,-0.2
66710,-0.2
66803,-0.2
66896,-0.2
66990,-0.2
67083,-0.2
67176,-0.2
67269,-0.2
67362,-0.2
67456,-0.2
67549,-0.2
67642,-0.2
67735,-0.2
67828,-0.2
67921,-0.2
68015,-0.2
68108,-0.2
68201,-0.2
68294,-0.2
68387,-0.2
68481,-0.2
68574,-0.1
68667,-0.2
68760,-0.2
68853,-0.2
68946,-0.2
69040,-0.2
69132,-0.2
69225,-0.2
69318,-0.2
69411,-0.2
69505,-0.2
69598,-0.2
69691,-0.2
69784,-0.2
69877,-0.2
69970,-0.2
70064,-0.2
70157,-0.2
70250,-0.2
70343,-0.2
70436,-0.2
70530,-0.2
70623,-0.2
70716,-0.2
70809,-0.2
70902,-0.2
70995,-0.2
71089,-0.2
71182,-0.2
71275,-0.2
71368,-0.2
71461,-0.2
71555,-0.2
71648,-0.2
71741,-0.2
71834,-0.2
71927,-0.2
72020,-0.2
72114,-0.2
72207,-0.2
72300,-0.2
72393,-0.2
72486,-0.2
72580,-0.2
72673,-0.2
72766,-0.2
72859,-0.2
72952,-0.2
73046,-0.3
73139,-0.3
73232,-0.3
73325,-0.3
73418,-0.2
73511,-0.2
73605,-0.2
73698,-0.2
73791,-0.3
73884,-0.2
73976,-0.2
74070,-0.2
74163,-0.3
74256,-0.3
74349,-0.3
74442,-0.2
74535,-0.2
74629,-0.3
74722,-0.3
74815,-0.2
74908,-0.2
75001,-0.2
75095,-0.2
75188,-0.2
75281,-0.2
75374,-0.2
75467,-0.2
75560,-0.3
75654,-0.3
75747,-0.3
75840,-0.3
75933,-0.2
76026,-0.3
76120,-0.2
76213,-0.3
76306,-0.3
76399,-0.3
76492,-0.3
76585,-0.3
76679,-0.2
76772,-0.2
76865,-0.3
76958,-0.2
77051,-0.2
77145,-0.2
77238,-0.2
77331,-0.2
77424,-0.2
77517,-0.2
77611,-0.2
77704,-0.2
77797,-0.2
77890,-0.2
77983,-0.2
78076,-0.2
78170,-0.2
78263,-0.2
78356,-0.2
78449,-0.2
78542,-0.2
78636,-0.2
78729,-0.2
78822,-0.2
78915,-0.2
79007,-0.2
79100,-0.2
79194,-0.2
79287,-0.2
79380,-0.2
79473,-0.2
79566,-0.2
79660,-0.2
79753,-0.2
79846,-0.2
79939,-0.2
80032,-0.2
80125,-0.2
80219,-0.2
80312,-0.2
80405,-0.2
80498,-0.2
80591,-0.2
80685,-0.2
80778,-0.2
80871,-0.2
80964,-0.2
81057,-0.2
81150,-0.2
81244,-0.2
81337,-0.2
81430,-0.2
81523,-0.2
81616,-0.2
81710,-0.2
81803,-0.2
81896,-0.2
81989,-0.2
82082,-0.2
82176,-0.2
82269,-0.2
82362,-0.2
82455,-0.2
82548,-0.2
82641,-0.2
82735,-0.2
82828,-0.2
82921,-0.2
83014,-0.2
83107,-0.3
83201,-0.2
83294,-0.2
83386,-0.2
83479,-0.2
83572,-0.2
83665,-0.2
83759,-0.3
83852,-0.3
83945,-0.2
84038,-0.3
84131,-0.3
84225,-0.3
84318,-0.2
84411,-0.2
84504,-0.2
84597,-0.2
84690,-0.2
84784,-0.2
84877,-0.3
84970,-0.3
85063,-0.3
85156,-0.2
85250,-0.2
85343,-0.3
85436,-0.2
85529,-0.2
85622,-0.2
85715,-0.2
85809,-0.2
85902,-0.2
85995,-0.2
86088,-0.2
86181,-0.2
86275,-0.2
86368,-0.2
86461,-0.2
86554,-0.2
86647,-0.2
86740,-0.2
86834,-0.2
86927,-0.2
87020,-0.3
87113,-0.2
87206,-0.2
87300,-0.2
87392,-0.2
87485,-0.2
87578,-0.2
87671,-0.2
87764,-0.2
87858,-0.2
87951,-0.2
88044,-0.2
88137,-0.2
88230,-0.2
88324,-0.2
88417,-0.2
88510,-0.2
88603,-0.2
88696,-0.2
88790,-0.2
88883,-0.2
88976,-0.2
89069,-0.2
89162,-0.2
89255,-0.2
89349,-0.2
89442,-0.2
89535,-0.2
89628,-0.2
89721,-0.2
89815,-0.2
89908,-0.3
90001,-0.2
90094,-0.2
90187,-0.2
90280,-0.2
90374,-0.2
90467,-0.2
90560,-0.2
90653,-0.2
90746,-0.2
90840,-0.2
90933,-0.2
91026,-0.2
91119,-0.2
91212,-0.2
91304,-0.2
91398,-0.2
91491,-0.2
91584,-0.2
91677,-0.2
91770,-0.2
91864,-0.3
91957,-0.2
92050,-0.2
92143,-0.2
92236,-0.2
92329,-0.3
92423,-0.2
92516,-0.2
92609,-0.2
92702,-0.3
92795,-0.2
92889,-0.2
92982,-0.2
93075,-0.2
93168,-0.2
93261,-0.3
93355,-0.3
93448,-0.3
93541,-0.2
93634,-0.2
93727,-0.2
93820,-0.2
93914,-0.2
94007,-0.2
94100,-0.2
94193,-0.2
94286,-0.2
94380,-0.2
94473,-0.2
94566,-0.2
94659,-0.2
94752,-0.2
94845,-0.2
94939,-0.2
95031,-0.2
95124,-0.2
95217,-0.2
95310,-0.2
95404,-0.2
95497,-0.2
95590,-0.3
95683,-0.3
95776,-0.3
95869,-0.3
95963,-0.2
96056,-0.2
96149,-0.2
96242,-0.3
96335,-0.2
96429,-0.2
96522,-0.2
96615,-0.2
96708,-0.2
96801,-0.2
96894,-0.2
96988,-0.2
97081,-0.2
97174,-0.2
97267,-0.2
97360,-0.2
97454,-0.2
97547,-0.2
97640,-0.2
97733,-0.2
97826,-0.2
97920,-0.2
98013,-0.2
98106,-0.2
98199,-0.2
98292,-0.2
98385,-0.2
98478,-0.2
98571,-0.2
98664,-0.2
98757,-0.3
98850,-0.2
98944,-0.2
99037,-0.2
99130,-0.3
99223,-0.3
99316,-0.2
99409,-0.2
99503,-0.2
99596,-0.2
99689,-0.2
99782,-0.2
99875,-0.2
99969,-0.2
100062,-0.2
100155,-0.3
100248,-0.2
100341,-0.2
100434,-0.2
100528,-0.2
100621,-0.2
100714,-0.3
100807,-0.3
100900,-0.3
100994,-0.3
101087,-0.2
101180,-0.2
101273,-0.3
101366,-0.3
101459,-0.3
101553,-0.2
101646,-0.2
101739,-0.2
101832,-0.2
101924,-0.2
102018,-0.2
102111,-0.2
102204,-0.3
102297,-0.3
102390,-0.3
102483,-0.3
102577,-0.3
102670,-0.3
102763,-0.2
102856,-0.2
102949,-0.2
103043,-0.3
103136,-0.3
103229,-0.5
103322,-0.5
103415,-0.5
103508,-0.4
103602,-0.3
103695,-0.3
103788,-0.3
103881,-0.3
103974,-0.3
104068,-0.4
104161,-0.4
104254,-0.4
104347,-0.4
104440,-0.4
104534,-0.3
104627,-0.3
104720,-0.3
104813,-0.2
104906,-0.2
104999,-0.2
105093,-0.2
105185,-0.2
105278,-0.1
105371,-0.1
105464,-0.1
105558,-0.0
105651,-0.0
105744,-0.1
105837,-0.2
105930,-0.2
106023,-0.3
106117,-0.3
106210,-0.4
106303,-0.4
106396,-0.4
106489,-0.4
106583,-0.4
106676,-0.4
106769,-0.4
106862,-0.4
106955,-0.4
107048,-0.4
107142,-0.4
107235,-0.4
107328,-0.4
107421,-0.4
107514,-0.4
107608,-0.4
107701,-0.4
107794,-0.4
107887,-0.4
107980,-0.4
108073,-0.4
108167,-0.4
108260,-0.4
108353,-0.4
108445,-0.4
108538,-0.4
108632,-0.4
108725,-0.4
108818,-0.4
108911,-0.4
109004,-0.4
109097,-0.4
109191,-0.4
109284,-0.4
109377,-0.4
109470,-0.4
109563,-0.4
109657,-0.4
109750,-0.4
109843,-0.4
109936,-0.4
110029,-0.4
110123,-0.4
110216,-0.4
110309,-0.4
110402,-0.4
110495,-0.4
110588,-0.4
110682,-0.4
110775,-0.4
110868,-0.4
110961,-0.4
111054,-0.4
111148,-0.4
111241,-0.4
111334,-0.4
111426,-0.4
111519,-0.4
111612,-0.4
111706,-0.4
111799,-0.4
111892,-0.4
111985,-0.4
112078,-0.4
112172,-0.4
112265,-0.4
112358,-0.4
112451,-0.4
112544,-0.3
112637,-0.3
112731,-0.4
112824,-0.3
112917,-0.2
113010,-0.2
113103,-0.3
113197,-0.2
113290,-0.2
113383,-0.2
113476,-0.2
113569,-0.2
113662,-0.2
113756,-0.2
113849,-0.2
113942,-0.2
114035,-0.2
114128,-0.2
114222,-0.2
114315,-0.2
114408,-0.2
114501,-0.2
114594,-0.2
114686,-0.2
114780,-0.2
114873,-0.2
114966,-0.2
115059,-0.2
115152,-0.2
115246,-0.2
115339,-0.2
115432,-0.2
115525,-0.2
115618,-0.2
115712,-0.2
115805,-0.2
115898,-0.2
115991,-0.2
116084,-0.2
116177,-0.2
116271,-0.2
116364,-0.2
116457,-0.2
116550,-0.2
116643,-0.2
116737,-0.2
116830,-0.2
116923,-0.2
117016,-0.2
117109,-0.2
117202,-0.2
117296,-0.2
117388,-0.2
117481,-0.2
117574,-0.2
117667,-0.2
117761,-0.2
117854,-0.2
117947,-0.2
118040,-0.2
118133,-0.2
118226,-0.2
118320,-0.2
118413,-0.2
118506,-0.2
118599,-0.2
118692,-0.2
118786,-0.2
118879,-0.2
118972,-0.2
119065,-0.2
119158,-0.2
119251,-0.2
119345,-0.2
119438,-0.1
119531,-0.1
119624,-0.2
119717,-0.2
119811,-0.2
119904,-0.2
119996,-0.2
120089,-0.1
120182,-0.2
120275,-0.2
120369,-0.2
120462,-0.2
120555,-0.1
120648,-0.1
120741,-0.2
120835,-0.2
120928,-0.1
121021,-0.2
121114,-0.2
121207,-0.2
121300,-0.2
121394,-0.2
121487,-0.1
121580,-0.1
121673,-0.2
121766,-0.2
121860,-0.2
121953,-0.2
122046,-0.2
122139,-0.1
122232,-0.1
122326,-0.2
122419,-0.2
122511,-0.2
122604,-0.2
122697,-0.2
122790,-0.2
122884,-0.2
122977,-0.2
123070,-0.2
123163,-0.2
123256,-0.2
123350,-0.2
123443,-0.2
123536,-0.2
123629,-0.2
123722,-0.2
123815,-0.2
123909,-0.2
124002,-0.2
124095,-0.2
124188,-0.2
124281,-0.1
124375,-0.1
124468,-0.1
124561,-0.1
124654,-0.2
124747,-0.2
124840,-0.2
124934,-0.2
125026,-0.2
125119,-0.2
125212,-0.2
125305,-0.2
125399,-0.2
125492,-0.2
125585,-0.2
125678,-0.2
125771,-0.2
125864,-0.2
125958,-0.2
126051,-0.2
126144,-0.2
126237,-0.2
126330,-0.2
126424,-0.2
126517,-0.2
126610,-0.2
126703,-0.2
126796,-0.2
126889,-0.2
126983,-0.2
127076,-0.2
127169,-0.2
127262,-0.2
127355,-0.2
127448,-0.2
127541,-0.2
127634,-0.2
127727,-0.2
127820,-0.2
127913,-0.2
128007,-0.2
128100,-0.2
128193,-0.2
128286,-0.2
128379,-0.2
128473,-0.2
128566,-0.2
128659,-0.2
128752,-0.2
128845,-0.2
128939,-0.2
129032,-0.2
129125,-0.2
129218,-0.2
129311,-0.2
129404,-0.2
129498,-0.2
129591,-0.2
129684,-0.2
129777,-0.2
129869,-0.2
129963,-0.2
130056,-0.2
130149,-0.2
130242,-0.2
130335,-0.2
130428,-0.2
130522,-0.2
130615,-0.2
130708,-0.2
130801,-0.2
130894,-0.2
130988,-0.2
131081,-0.2
131174,-0.2
131267,-0.2
131360,-0.2
131453,-0.2
131547,-0.2
131640,-0.2
131733,-0.2
131826,-0.2
131919,-0.2
132013,-0.2
132106,-0.2
132198,-0.2
132291,-0.2
132384,-0.2
132477,-0.2
132571,-0.2
132664,-0.2
132757,-0.2
132850,-0.2
132943,-0.2
133037,-0.2
133130,-0.2
133223,-0.2
133316,-0.2
133409,-0.2
133502,-0.2
133596,-0.2
133689,-0.2
133782,-0.2
133875,-0.2
133968,-0.2
134062,-0.2
134155,-0.2
134248,-0.2
134341,-0.2
134434,-0.2
134528,-0.2
134620,-0.2
134713,-0.2
134806,-0.2
134899,-0.2
134992,-0.2
135086,-0.2
135179,-0.2
135272,-0.2
135365,-0.2
135458,-0.2
135552,-0.2
135645,-0.3
135738,-0.2
135831,-0.2
135924,-0.2
136017,-0.2
136111,-0.2
136204,-0.2
136297,-0.2
136390,-0.2
136483,-0.2
136577,-0.2
136670,-0.2
136763,-0.3
136856,-0.2
136949,-0.2
137042,-0.3
137135,-0.2
137228,-0.3
137321,-0.3
137414,-0.2
137507,-0.2
137601,-0.3
137694,-0.3
137787,-0.2
137880,-0.2
137973,-0.2
138066,-0.3
138160,-0.3
138253,-0.2
138346,-0.2
138439,-0.2
138532,-0.3
138626,-0.3
138719,-0.3
138812,-0.3
138905,-0.3
138998,-0.2
139091,-0.3
139185,-0.3
139278,-0.3
139371,-0.3
139464,-0.3
139556,-0.3
139650,-0.3
139743,-0.3
139836,-0.2
139929,-0.3
140022,-0.3
140115,-0.2
140209,-0.3
140302,-0.3
140395,-0.3
140488,-0.3
140581,-0.3
140675,-0.3
140768,-0.3
140861,-0.3
140954,-0.3
141047,-0.3
141140,-0.3
141234,-0.3
141327,-0.3
141420,-0.3
141513,-0.3
141606,-0.3
141700,-0.2
141793,-0.3
141886,-0.2
141978,-0.2
142071,-0.3
142164,-0.3
142258,-0.3
142351,-0.3
142444,-0.3
142537,-0.3
142630,-0.3
142724,-0.3
142817,-0.3
142910,-0.3
143003,-0.3
143096,-0.3
143190,-0.3
143283,-0.3
143376,-0.3
143469,-0.3
143562,-0.3
143655,-0.3
143749,-0.3
143842,-0.3
143935,-0.3
144028,-0.3
144121,-0.3
144215,-0.3
144307,-0.3
144400,-0.3
144493,-0.3
144586,-0.3
144679,-0.3
144773,-0.3
144866,-0.3
144959,-0.3
145052,-0.3
145145,-0.3
145239,-0.3
145332,-0.3
145425,-0.3
145518,-0.3
145611,-0.3
145704,-0.3
145798,-0.3
145891,-0.3
145984,-0.3
146077,-0.3
146170,-0.3
146264,-0.3
146357,-0.3
146450,-0.3
146542,-0.3
146635,-0.3
146728,-0.3
146822,-0.3
146915,-0.3
147008,-0.3
147101,-0.3
147194,-0.3
147288,-0.3
147381,-0.3
147474,-0.3
147567,-0.3
147660,-0.3
147753,-0.3
147847,-0.3
147940,-0.3
148033,-0.3
148126,-0.3
148219,-0.3
148313,-0.3
148406,-0.3
148499,-0.3
148592,-0.3
148685,-0.3
148779,-0.3
148872,-0.3
148964,-0.3
149057,-0.3
149150,-0.3
149243,-0.3
149337,-0.3
149430,-0.3
149523,-0.3
149616,-0.3
149709,-0.3
149803,-0.3
149896,-0.3
149989,-0.3
150082,-0.3
150175,-0.3
150268,-0.3
150362,-0.3
150455,-0.3
150548,-0.3
150641,-0.3
150734,-0.3
150828,-0.3
150921,-0.3
151014,-0.3
151107,-0.3
151199,-0.3
151292,-0.3
151386,-0.3
151479,-0.3
151572,-0.3
151665,-0.3
151758,-0.3
151852,-0.3
151945,-0.3
152038,-0.3
152131,-0.3
152224,-0.3
152317,-0.3
152411,-0.3
152504,-0.3
152597,-0.3
152690,-0.3
152783,-0.3
152877,-0.3
152970,-0.3
153063,-0.3
153156,-0.3
153249,-0.3
153342,-0.3
153436,-0.3
153528,-0.3
153621,-0.3
153714,-0.3
153807,-0.3
153901,-0.3
153994,-0.3
154087,-0.3
154180,-0.3
154273,-0.3
154366,-0.3
154460,-0.3
154553,-0.3
154646,-0.3
154739,-0.3
154832,-0.3
154926,-0.3
155019,-0.3
155112,-0.3
155205,-0.3
155298,-0.3
155392,-0.3
155485,-0.3
155578,-0.3
155670,-0.3
155763,-0.3
155856,-0.3
155950,-0.3
156043,-0.3
156136,-0.3
156229,-0.3
156322,-0.3
156416,-0.3
156509,-0.3
156602,-0.3
156695,-0.3
156788,-0.3
156881,-0.3
156975,-0.3
157068,-0.3
157161,-0.3
157254,-0.3
157347,-0.3
157441,-0.3
157534,-0.3
157627,-0.3
157720,-0.3
157812,-0.3
157905,-0.3
157999,-0.3
158092,-0.3
158185,-0.3
158278,-0.3
158371,-0.3
158465,-0.3
158558,-0.3
158651,-0.3
158744,-0.3
158837,-0.3
158930,-0.3
159024,-0.3
159117,-0.3
159210,-0.3
159303,-0.3
159396,-0.3
159490,-0.3
159583,-0.3
159676,-0.3
159769,-0.3
159862,-0.3
159955,-0.3
160048,-0.4
160141,-0.4
160234,-0.3
160327,-0.3
160420,-0.4
160514,-0.3
160607,-0.3
160700,-0.3
160793,-0.3
160886,-0.3
160979,-0.3
161073,-0.3
161166,-0.3
161259,-0.3
161352,-0.3
161445,-0.3
161539,-0.3
161632,-0.3
161725,-0.3
161818,-0.3
161911,-0.3
162004,-0.3
162098,-0.3
162190,-0.3
162283,-0.3
162376,-0.3
162469,-0.3
162563,-0.3
162656,-0.3
162749,-0.3
162842,-0.3
162935,-0.3
163028,-0.3
163122,-0.3
163215,-0.3
163308,-0.3
163401,-0.3
163494,-0.3
163588,-0.3
163681,-0.3
163774,-0.3
163867,-0.3
163960,-0.3
164054,-0.3
164147,-0.3
164240,-0.3
164333,-0.3
164425,-0.3
164518,-0.3
164612,-0.3
164705,-0.3
164798,-0.3
164891,-0.3
164984,-0.3
165078,-0.3
165171,-0.3
165264,-0.3
165357,-0.3
165450,-0.3
165543,-0.3
165637,-0.3
165730,-0.3
165823,-0.3
165916,-0.3
166009,-0.3
166103,-0.3
166196,-0.3
166289,-0.3
166382,-0.3
166474,-0.3
166567,-0.3
166661,-0.3
166754,-0.3
166847,-0.3
166940,-0.3
167033,-0.3
167127,-0.3
167220,-0.3
167313,-0.3
167406,-0.3
167499,-0.2
167592,-0.2
167686,-0.2
167779,-0.2
167872,-0.2
167965,-0.3
168058,-0.2
168152,-0.2
168245,-0.3
168338,-0.2
168431,-0.2
168524,-0.2
168616,-0.2
168710,-0.2
168803,-0.2
168896,-0.2
168989,-0.2
169082,-0.2
169176,-0.2
169269,-0.2
169362,-0.2
169455,-0.2
169548,-0.2
169641,-0.2
169735,-0.2
169828,-0.2
169921,-0.2
170014,-0.2
170107,-0.2
170201,-0.2
170294,-0.2
170387,-0.2
170480,-0.2
170573,-0.2
170667,-0.2
170759,-0.2
170852,-0.2
170945,-0.2
171038,-0.2
171131,-0.2
171225,-0.2
171318,-0.2
171411,-0.2
171504,-0.2
171597,-0.2
171691,-0.2
171784,-0.2
171877,-0.2
171970,-0.2
172063,-0.2
172156,-0.2
172250,-0.2
172343,-0.2
172436,-0.2
172529,-0.2
172622,-0.2
172716,-0.2
172808,-0.2
172901,-0.2
172994,-0.2
173087,-0.2
173180,-0.2
173274,-0.2
173367,-0.2
173460,-0.2
173553,-0.2
173646,-0.2
173740,-0.2
173833,-0.2
173926,-0.2
174019,-0.2
174112,-0.2
174205,-0.2
174299,-0.2
174392,-0.2
174485,-0.2
174578,-0.2
174671,-0.2
174765,-0.2
174858,-0.2
174950,-0.2
175043,-0.2
175136,-0.2
175229,-0.2
175323,-0.2
175416,-0.2
175509,-0.2
175602,-0.2
175695,-0.2
175789,-0.1
175882,-0.2
175975,-0.2
176068,-0.2
176161,-0.2
176254,-0.2
176348,-0.2
176441,-0.2
176534,-0.2
176627,-0.2
176720,-0.2
176814,-0.2
176907,-0.2
177000,-0.2
177092,-0.2
177185,-0.2
177278,-0.2
177372,-0.2
177465,-0.2
177558,-0.2
177651,-0.2
177744,-0.2
177838,-0.2
177931,-0.2
178024,-0.2
178117,-0.2
178210,-0.2
178304,-0.2
178397,-0.2
178490,-0.2
178583,-0.2
178676,-0.2
178769,-0.2
178863,-0.2
178956,-0.2
179049,-0.2
179142,-0.2
179235,-0.2
179328,-0.2
179421,-0.2
179514,-0.2
179607,-0.2
179700,-0.2
179793,-0.2
179887,-0.2
179980,-0.2
180073,-0.2
180166,-0.2
180259,-0.3
180353,-0.2
180446,-0.3
180539,-0.3
180632,-0.3
180725,-0.3
180818,-0.2
180912,-0.2
181005,-0.2
181098,-0.2
181191,-0.2
181284,-0.2
181378,-0.2
181470,-0.2
181563,-0.3
181656,-0.3
181749,-0.3
181842,-0.2
181936,-0.2
182029,-0.3
182122,-0.3
182215,-0.2
182308,-0.2
182402,-0.2
182495,-0.2
182588,-0.3
182681,-0.3
182774,-0.3
182867,-0.3
182961,-0.3
183054,-0.3
183147,-0.3
183240,-0.3
183333,-0.3
183427,-0.2
183520,-0.2
183612,-0.3
183705,-0.3
183798,-0.3
183891,-0.3
183985,-0.2
184078,-0.3
184171,-0.3
184264,-0.3
184357,-0.3
184451,-0.3
184544,-0.3
184637,-0.3
184730,-0.3
184823,-0.3
184916,-0.3
185010,-0.3
185103,-0.3
185196,-0.3
185289,-0.3
185382,-0.3
185476,-0.3
185569,-0.3
185661,-0.3
185754,-0.3
185847,-0.3
185940,-0.3
186034,-0.3
186127,-0.3
186220,-0.3
186313,-0.3
186406,-0.3
186500,-0.3
186593,-0.3
186686,-0.3
186779,-0.3
186872,-0.3
186966,-0.3
187059,-0.3
187152,-0.3
187245,-0.3
187338,-0.3
187431,-0.3
187525,-0.3
187618,-0.3
187711,-0.3
187803,-0.3
187896,-0.3
187990,-0.3
188083,-0.3
188176,-0.3
188269,-0.3
188362,-0.3
188455,-0.3
188549,-0.3
188642,-0.3
188735,-0.3
188828,-0.3
188921,-0.3
189015,-0.3
189108,-0.3
189201,-0.3
189294,-0.3
189387,-0.3
189480,-0.3
189574,-0.3
189667,-0.3
189760,-0.3
189852,-0.3
189945,-0.3
190039,-0.3
190132,-0.3
190225,-0.3
190318,-0.3
190411,-0.3
190504,-0.3
190598,-0.3
190691,-0.3
190784,-0.3
190877,-0.3
190970,-0.3
191064,-0.3
191157,-0.3
191250,-0.3
191343,-0.3
191436,-0.3
191529,-0.3
191623,-0.3
191716,-0.3
191809,-0.3
191902,-0.3
191994,-0.3
192088,-0.3
192181,-0.3
192274,-0.3
192367,-0.3
192460,-0.3
192553,-0.3
192647,-0.3
192740,-0.3
192833,-0.3
192926,-0.3
193019,-0.3
193113,-0.3
193206,-0.3
193299,-0.3
193392,-0.3
193485,-0.3
193579,-0.3
193672,-0.4
193765,-0.3
193858,-0.3
193950,-0.3
194043,-0.3
194137,-0.3
194230,-0.3
194323,-0.3
194416,-0.3
194509,-0.3
194603,-0.3
194696,-0.3
194789,-0.3
194882,-0.3
194975,-0.3
195068,-0.3
195162,-0.3
195255,-0.3
195348,-0.3
195441,-0.3
195534,-0.3
195628,-0.3
195721,-0.3
195814,-0.3
195907,-0.4
195999,-0.4
196092,-0.3
196186,-0.3
196279,-0.3
196372,-0.3
196465,-0.3
196558,-0.3
196652,-0.3
196745,-0.3
196838,-0.3
196931,-0.3
197024,-0.3
197117,-0.3
197211,-0.3
197304,-0.3
197397,-0.4
197490,-0.3
197583,-0.3
197677,-0.3
197770,-0.3
197863,-0.3
197956,-0.3
198048,-0.4
198141,-0.4
198235,-0.3
198328,-0.3
198421,-0.4
198514,-0.4
198607,-0.3
198701,-0.3
198794,-0.4
198887,-0.4
198980,-0.4
199073,-0.4
199166,-0.4
199260,-0.4
199353,-0.3
199446,-0.4
199539,-0.3
199632,-0.4
199726,-0.4
199819,-0.4
199912,-0.4
200005,-0.4
200097,-0.4
200190,-0.4
200284,-0.4
200377,-0.4
200470,-0.4
200563,-0.3
200656,-0.4
200750,-0.4
200843,-0.3
200936,-0.4
201029,-0.4
201122,-0.4
201216,-0.3
201309,-0.3
201402,-0.4
201495,-0.4
201588,-0.3
201681,-0.3
201775,-0.4
201868,-0.3
201960,-0.3
202053,-0.3
202146,-0.3
202240,-0.3
202333,-0.3
202426,-0.3
202519,-0.3
202612,-0.3
202705,-0.4
202799,-0.3
202892,-0.3
202985,-0.3
203078,-0.4
203171,-0.4
203265,-0.3
203358,-0.3
203451,-0.3
203544,-0.4
203637,-0.4
203729,-0.4
203823,-0.4
203916,-0.4
204009,-0.4
204102,-0.3
204195,-0.4
204289,-0.4
204382,-0.3
204475,-0.4
204568,-0.4
204661,-0.4
204754,-0.4
204848,-0.4
204941,-0.4
205034,-0.4
205127,-0.4
205220,-0.4
205314,-0.3
205406,-0.3
205499,-0.3
205592,-0.4
205685,-0.4
205778,-0.3
205872,-0.3
205965,-0.3
206058,-0.3
206151,-0.4
206244,-0.4
206338,-0.3
206431,-0.3
206524,-0.3
206617,-0.3
206710,-0.3
206803,-0.3
206897,-0.3
206990,-0.3
207083,-0.4
207175,-0.4
207268,-0.4
207362,-0.4
207455,-0.4
207548,-0.3
207641,-0.3
207734,-0.4
207827,-0.4
207921,-0.3
208014,-0.3
208107,-0.4
208200,-0.3
208293,-0.3
208387,-0.4
208480,-0.4
208573,-0.3
208666,-0.4
208759,-0.3
208852,-0.3
208945,-0.3
209038,-0.3
209131,-0.3
209224,-0.3
209317,-0.3
209411,-0.3
209504,-0.3
209597,-0.3
209690,-0.3
209783,-0.3
209876,-0.3
209970,-0.3
210063,-0.3
210156,-0.3
210249,-0.3
210342,-0.3
210436,-0.3
210529,-0.4
210621,-0.3
210714,-0.3
210807,-0.3
210900,-0.3
210994,-0.3
211087,-0.3
211180,-0.3
211273,-0.3
211366,-0.4
211460,-0.3
211553,-0.3
211646,-0.3
211739,-0.3
211832,-0.3
211926,-0.3
212019,-0.3
212112,-0.4
212205,-0.3
212297,-0.3
212390,-0.3
212484,-0.3
212577,-0.3
212670,-0.3
212763,-0.3
212856,-0.3
212950,-0.3
213043,-0.3
213136,-0.3
213229,-0.3
213322,-0.3
213415,-0.3
213509,-0.3
213602,-0.3
213695,-0.3
213788,-0.3
213881,-0.3
213974,-0.3
214067,-0.3
214160,-0.3
214253,-0.4
214346,-0.4
214439,-0.3
214533,-0.3
214626,-0.4
214719,-0.3
214812,-0.3
214905,-0.3
214999,-0.3
215092,-0.3
215185,-0.3
215278,-0.3
215371,-0.3
215464,-0.3
215558,-0.3
215650,-0.4
215743,-0.4
215836,-0.3
215929,-0.3
216023,-0.3
216116,-0.3
216209,-0.3
216302,-0.3
216395,-0.3
216488,-0.3
216582,-0.3
216675,-0.3
216768,-0.3
216861,-0.3
216954,-0.3
217048,-0.3
217141,-0.3
217234,-0.3
217327,-0.3
217419,-0.3
217512,-0.3
217606,-0.3
217699,-0.3
217792,-0.3
217885,-0.3
217978,-0.3
218072,-0.3
218165,-0.3
218258,-0.3
218351,-0.3
218444,-0.3
218537,-0.3
218631,-0.3
218724,-0.3
218817,-0.3
218910,-0.3
219003,-0.3
219097,-0.3
219189,-0.3
219282,-0.3
219375,-0.3
219468,-0.3
219561,-0.3
219655,-0.3
219748,-0.3
219841,-0.3
219934,-0.3
220027,-0.3
220121,-0.3
220214,-0.3
220307,-0.3
220400,-0.3
220493,-0.3
220587,-0.3
220680,-0.3
220773,-0.3
220865,-0.3
220958,-0.3
221051,-0.3
221145,-0.3
221238,-0.3
221331,-0.3
221424,-0.3
221517,-0.3
221611,-0.3
221704,-0.3
221797,-0.3
221890,-0.3
221983,-0.3
222076,-0.3
222170,-0.3
222263,-0.3
222356,-0.3
222449,-0.3
222542,-0.3
222635,-0.3
222728,-0.3
222821,-0.3
222914,-0.3
223007,-0.3
223100,-0.3
223194,-0.3
223287,-0.3
223380,-0.3
223473,-0.3
223566,-0.3
223660,-0.3
223753,-0.3
223846,-0.3
223939,-0.3
224032,-0.3
224125,-0.3
224219,-0.3
224312,-0.3
224404,-0.3
224497,-0.3
224590,-0.3
224684,-0.3
224777,-0.3
224870,-0.3
224963,-0.3
225056,-0.3
225149,-0.3
225243,-0.3
225336,-0.3
225429,-0.3
225522,-0.3
225615,-0.3
225709,-0.3
225802,-0.3
225895,-0.3
225988,-0.3
226080,-0.3
226173,-0.3
226267,-0.3
226360,-0.3
226453,-0.3
226546,-0.3
226639,-0.3
226733,-0.3
226826,-0.3
226919,-0.3
227012,-0.3
227105,-0.3
227198,-0.3
227292,-0.3
227385,-0.3
227478,-0.3
227571,-0.3
227664,-0.3
227757,-0.3
227850,-0.3
227943,-0.3
228036,-0.3
228129,-0.3
228222,-0.3
228316,-0.3
228409,-0.3
228502,-0.3
228595,-0.3
228688,-0.3
228782,-0.3
228875,-0.3
228968,-0.3
229061,-0.3
229154,-0.3
229248,-0.3
229340,-0.3
229433,-0.3
229526,-0.3
229619,-0.3
229712,-0.3
229806,-0.3
229899,-0.3
229992,-0.3
230085,-0.3
230178,-0.3
230272,-0.3
230365,-0.3
230458,-0.3
230551,-0.3
230644,-0.3
230737,-0.3
230831,-0.3
230924,-0.3
231016,-0.3
231109,-0.3
231202,-0.3
231296,-0.3
231389,-0.3
231482,-0.3
231575,-0.3
231668,-0.3
231761,-0.4
231855,-0.4
231948,-0.4
232041,-0.4
232134,-0.4
232227,-0.4
232321,-0.4
232414,-0.4
232507,-0.4
232600,-0.4
232692,-0.4
232785,-0.3
232879,-0.3
232972,-0.3
233065,-0.4
233158,-0.3
233251,-0.4
233345,-0.4
233438,-0.4
233531,-0.4
233624,-0.4
233717,-0.4
233810,-0.4
233904,-0.4
233997,-0.4
234090,-0.4
234183,-0.4
234276,-0.3
234369,-0.4
234462,-0.3
234555,-0.4
234648,-0.3
234741,-0.3
234834,-0.3
234928,-0.4
235021,-0.3
235114,-0.4
235207,-0.4
235300,-0.4
235394,-0.4
235487,-0.4
235580,-0.4
235673,-0.3
235766,-0.4
235859,-0.4
235953,-0.3
236045,-0.3
236138,-0.4
236231,-0.3
236324,-0.3
236418,-0.3
236511,-0.4
236604,-0.3
236697,-0.4
236790,-0.4
236883,-0.3
236977,-0.4
237070,-0.3
237163,-0.3
237256,-0.3
237349,-0.4
237443,-0.4
237535,-0.4
237628,-0.3
237721,-0.4
237814,-0.4
237907,-0.4
238001,-0.3
238094,-0.3
238187,-0.4
238280,-0.3
238373,-0.3
238467,-0.3
238560,-0.3
238653,-0.3
238746,-0.3
238839,-0.3
238932,-0.3
239026,-0.3
239118,-0.3
239211,-0.3
239304,-0.3
239397,-0.3
239491,-0.3
239584,-0.4
239677,-0.3
239770,-0.3
239863,-0.3
239956,-0.3
240050,-0.3
240143,-0.3
240236,-0.3
240329,-0.3
240422,-0.3
240516,-0.3
240609,-0.3
240701,-0.3
240794,-0.3
240887,-0.3
240980,-0.3
241074,-0.3
241167,-0.3
241260,-0.3
241353,-0.3
241446,-0.3
241540,-0.3
241633,-0.3
241726,-0.3
241819,-0.3
241912,-0.3
242006,-0.3
242099,-0.3
242192,-0.3
242284,-0.3
242377,-0.3
242470,-0.3
242564,-0.3
242657,-0.3
242750,-0.3
242843,-0.3
242936,-0.3
243030,-0.3
243123,-0.3
243216,-0.3
243309,-0.3
243402,-0.3
243495,-0.3
243589,-0.3
243682,-0.3
243775,-0.3
243867,-0.3
243960,-0.3
244054,-0.3
244147,-0.3
244240,-0.3
244333,-0.3
244426,-0.3
244519,-0.4
244613,-0.3
244706,-0.3
244799,-0.3
244892,-0.3
244985,-0.3
245079,-0.3
245172,-0.4
245265,-0.3
245357,-0.3
245450,-0.3
245543,-0.3
245637,-0.3
245730,-0.3
245823,-0.3
245916,-0.3
246009,-0.3
246103,-0.3
246196,-0.2
246289,-0.2
246382,-0.3
246475,-0.3
246568,-0.4
246662,-0.4
246755,-0.4
246847,-0.4
246940,-0.4
247033,-0.4
247127,-0.4
247220,-0.3
247313,-0.3
247406,-0.3
247499,-0.3
247592,-0.3
247686,-0.3
247779,-0.3
247872,-0.4
247965,-0.4
248058,-0.4
248152,-0.4
248245,-0.4
248338,-0.5
248430,-0.5
248523,-0.5
248616,-0.5
248710,-0.5
248803,-0.4
248896,-0.4
248989,-0.4
249082,-0.4
249176,-0.5
249269,-0.5
249362,-0.5
249455,-0.4
249548,-0.5
249641,-0.4
249735,-0.4
249828,-0.4
249921,-0.4
250013,-0.4
250106,-0.4
250200,-0.4
250293,-0.4
250386,-0.4
250479,-0.4
250572,-0.4
250665,-0.4
250759,-0.3
250852,-0.3
250945,-0.3
251038,-0.3
251131,-0.3
251225,-0.3
251318,-0.3
251411,-0.3
251503,-0.3
251596,-0.3
251689,-0.3
251783,-0.3
251876,-0.3
251969,-0.3
252062,-0.3
252155,-0.3
252249,-0.3
252342,-0.3
252435,-0.3
252528,-0.3
252621,-0.3
252715,-0.3
252808,-0.3
252901,-0.3
252994,-0.3
253086,-0.3
253179,-0.3
253273,-0.3
253366,-0.3
253459,-0.4
253552,-0.4
253645,-0.4
253739,-0.4
253832,-0.4
253925,-0.4
254018,-0.4
254111,-0.4
254204,-0.3
254298,-0.3
254391,-0.4
254484,-0.4
254576,-0.4
254669,-0.4
254763,-0.4
254856,-0.5
254949,-0.4
255042,-0.4
255135,-0.4
255228,-0.4
255322,-0.4
255415,-0.4
255508,-0.4
255601,-0.4
255694,-0.4
255788,-0.4
255881,-0.4
255974,-0.4
256067,-0.4
256159,-0.4
256252,-0.4
256346,-0.4
256439,-0.4
256532,-0.4
256625,-0.4
256718,-0.4
256812,-0.4
256905,-0.4
256998,-0.4
257091,-0.4
257184,-0.4
257277,-0.4
257371,-0.3
257464,-0.3
257557,-0.2
257650,-0.2
257742,-0.2
257836,-0.2
257929,-0.2
258022,-0.2
258115,-0.3
258208,-0.3
258301,-0.2
258395,-0.2
258488,-0.2
258581,-0.2
258674,-0.2
258767,-0.2
258861,-0.3
258954,-0.3
259047,-0.3
259140,-0.2
259232,-0.2
259325,-0.2
259419,-0.2
259512,-0.3
259605,-0.2
259698,-0.3
259791,-0.2
259885,-0.2
259978,-0.2
260071,-0.2
260164,-0.2
260257,-0.2
260350,-0.2
260444,-0.2
260537,-0.2
260630,-0.2
260723,-0.3
260816,-0.2
260909,-0.2
261002,-0.3
261095,0
reset
852,-0.0
956,0.0
1049,0.0
1142,-0.0
1235,0.0
1329,0.0
1422,-0.0
1515,-0.0
1608,-0.0
1701,-0.0
1794,-0.0
1887,-0.0
1980,-0.0
2073,-0.0
2166,-0.0
2259,-0.0
2353,-0.0
2446,-0.0
2539,-0.0
2632,-0.0
2725,-0.0
2819,-0.0
2912,0.0
3005,0.1
3098,0.2
3191,0.4
3283,0.5
3377,1.0
3470,2.7
3563,5.4
3656,8.4
3749,11.0
3843,12.9
3936,13.9
4029,12.4
4122,8.3
4215,4.9
4308,2.4
4402,0.9
4495,0.2
4588,-0.1
4681,-0.1
4774,0.2
4867,1.9
4960,5.3
5053,8.8
5146,11.2
5239,12.7
5332,13.2
5426,12.5
5519,9.6
5612,5.8
5705,2.9
5798,1.1
5892,0.3
5985,-0.0
6078,-0.2
6171,-0.2
6264,0.7
6358,3.3
6450,6.4
6543,9.6
6636,12.1
6729,13.3
6822,13.8
6916,12.7
7009,9.3
7102,5.3
7195,2.0
7288,0.4
7382,-0.0
7475,0.0
7568,1.1
7661,4.7
7754,8.8
7847,12.1
7941,13.6
8033,11.1
8126,4.8
8219,0.7
8312,-0.1
8406,-0.1
8499,-0.1
8592,-0.1
8685,-0.1
8778,-0.1
8871,-0.1
8965,-0.1
9058,-0.1
9151,-0.1
9244,-0.1
9337,-0.1
9431,-0.1
9523,-0.0
9616,-0.1
9709,-0.1
9802,-0.1
9895,-0.1
9989,-0.1
10082,-0.1
10175,-0.1
10268,-0.1
10361,-0.1
10455,-0.1
10548,-0.1
10641,-0.1
10734,-0.1
10827,-0.1
10920,-0.1
11013,-0.1
11106,-0.1
11199,-0.1
11292,-0.1
11385,-0.1
11479,-0.1
11572,-0.1
11665,-0.1
11758,-0.1
11851,-0.1
11944,-0.1
12038,-0.1
12131,-0.1
12224,-0.1
12317,-0.1
12410,-0.1
12504,-0.1
12596,-0.1
12689,-0.1
12782,-0.1
12875,-0.1
12968,-0.1
13062,-0.1
13155,-0.1
13248,-0.1
13341,-0.1
13434,-0.1
13528,-0.1
13621,-0.1
13714,-0.1
13807,-0.1
13900,-0.1
13993,-0.1
14087,-0.1
14179,-0.1
14272,-0.1
14365,-0.1
14458,-0.1
14552,-0.1
14645,-0.1
14738,-0.1
14831,-0.1
14924,-0.1
15017,-0.1
15111,-0.1
15204,-0.1
15297,-0.1
15390,-0.1
15483,-0.1
15577,-0.1
15670,-0.1
15762,-0.1
15855,-0.1
15948,-0.1
16041,-0.1
16135,-0.1
16228,-0.1
16321,-0.1
16414,-0.1
16507,-0.1
16601,-0.1
16694,-0.1
16787,-0.1
16880,-0.1
16973,-0.1
17067,-0.1
17160,-0.1
17252,-0.1
17345,-0.1
17438,-0.1
17531,-0.1
17625,-0.1
17718,-0.1
17811,-0.1
17904,-0.1
17997,-0.1
18091,-0.1
18184,-0.1
18277,-0.1
18370,-0.1
18463,-0.1
18556,-0.1
18650,-0.1
18743,-0.1
18835,-0.1
18928,-0.1
19021,-0.1
19115,-0.1
19208,-0.1
19301,-0.1
19394,-0.1
19487,-0.1
19580,-0.1
19674,-0.1
19767,-0.1
19860,-0.1
19953,-0.1
20046,-0.1
20140,-0.1
20233,-0.1
20325,-0.1
20418,-0.1
20511,-0.1
20604,-0.1
20698,-0.1
20791,-0.1
20884,-0.1
20977,-0.1
21070,-0.1
21164,-0.1
21257,-0.1
21350,-0.1
21443,-0.1
21536,-0.1
21629,-0.1
21722,-0.1
21815,-0.1
21908,-0.1
22001,-0.1
22094,-0.1
22188,-0.1
22281,-0.1
22374,-0.1
22467,-0.1
22560,-0.1
22653,-0.1
22747,-0.1
22840,-0.1
22933,-0.1
23026,-0.1
23118,-0.1
23212,-0.1
23305,-0.1
23398,-0.1
23491,-0.1
23584,-0.1
23677,-0.1
23771,-0.1
23864,-0.1
23957,-0.1
24050,-0.1
24143,-0.1
24237,-0.1
24330,-0.1
24423,-0.1
24516,-0.1
24608,-0.2
24701,-0.2
24795,-0.2
24888,-0.2
24981,-0.2
25074,-0.2
25167,-0.1
25261,-0.1
25354,-0.1
25447,-0.1
25540,-0.1
25633,-0.2
25726,-0.2
25820,-0.2
25913,-0.2
26005,-0.2
26098,-0.1
26191,-0.1
26285,-0.1
26378,-0.1
26471,-0.1
26564,-0.1
26657,-0.1
26750,-0.1
26844,-0.1
26937,-0.1
27030,-0.2
27123,-0.2
27216,-0.1
27310,-0.1
27402,-0.1
27495,-0.1
27588,-0.1
27681,-0.1
27774,-0.1
27868,-0.1
27961,-0.1
28054,-0.1
28147,-0.1
28240,-0.1
28334,-0.1
28427,-0.1
28520,-0.1
28613,-0.1
28706,-0.1
28798,-0.1
28892,-0.1
28985,-0.1
29078,-0.1
29171,-0.1
29264,-0.1
29358,-0.1
29451,-0.1
29544,-0.1
29637,-0.1
29730,-0.1
29824,-0.1
29917,-0.1
30010,-0.1
30103,-0.1
30195,-0.1
30288,-0.1
30382,-0.1
30475,-0.1
30568,-0.1
30661,-0.1
30754,-0.1
30848,-0.1
30941,-0.1
31034,-0.1
31127,-0.1
31220,-0.1
31313,-0.1
31407,-0.1
31500,-0.1
31593,-0.1
31685,-0.1
31778,-0.1
31872,-0.1
31965,-0.1
32058,-0.1
32151,-0.1
32244,-0.2
32337,-0.1
32431,-0.1
32524,-0.1
32617,-0.1
32710,-0.1
32803,-0.1
32897,-0.1
32990,-0.1
33082,-0.1
33175,-0.1
33268,-0.1
33361,-0.1
33455,-0.1
33548,-0.1
33641,-0.1
33734,-0.1
33827,-0.0
33921,-0.2
34014,-0.6
34107,-1.1
34200,-0.8
34293,0.1
34386,0.5
34479,0.4
34572,0.2
34665,0.1
34758,-0.0
34851,0.0
34945,0.0
35038,-0.0
35131,-0.0
35224,-0.1
35317,-0.1
35410,-0.1
35504,-0.0
35597,0.0
35690,0.0
35783,0.0
35875,-0.1
35969,-0.1
36062,-0.1
36155,-0.2
36248,-0.2
36341,-0.2
36434,-0.2
36528,-0.2
36621,-0.2
36714,-0.2
36807,-0.2
36900,-0.2
36994,-0.2
37087,-0.3
37180,-0.2
37272,-0.2
37365,-0.3
37458,-0.2
37552,-0.2
37645,-0.2
37738,-0.2
37831,-0.2
37924,-0.2
38018,-0.2
38111,-0.2
38204,-0.2
38297,-0.2
38390,-0.2
38483,-0.2
38577,-0.1
38669,-0.1
38762,-0.2
38855,-0.2
38948,-0.2
39042,-0.2
39135,-0.2
39228,-0.2
39321,-0.2
39414,-0.2
39507,-0.1
39601,-0.1
39694,-0.1
39787,-0.1
39880,-0.2
39973,-0.2
40067,-0.1
40159,-0.1
40252,-0.1
40345,-0.1
40438,-0.1
40531,-0.1
40625,-0.1
40718,-0.1
40811,-0.1
40904,-0.2
40997,-0.2
41091,-0.2
41184,-0.1
41277,-0.1
41370,-0.1
41463,-0.1
41555,-0.1
41649,-0.1
41742,-0.1
41835,-0.1
41928,-0.1
42021,-0.1
42115,-0.1
42208,-0.1
42301,-0.1
42394,-0.1
42487,-0.1
42580,-0.1
42674,-0.1
42767,-0.1
42860,-0.1
42953,-0.1
43045,-0.1
43139,-0.1
43232,-0.1
43325,-0.1
43418,-0.1
43511,-0.1
43604,-0.1
43698,-0.1
43791,-0.1
43884,-0.1
43977,-0.1
44070,-0.1
44164,-0.1
44257,-0.1
44350,-0.1
44443,-0.1
44535,-0.1
44628,-0.2
44722,-0.1
44815,-0.1
44908,-0.1
45001,-0.1
45094,-0.1
45188,-0.1
45281,-0.1
45374,-0.1
45467,-0.1
45560,-0.1
45654,-0.1
45747,-0.0
45840,-0.0
45932,-0.1
46025,-0.0
46118,0.0
46212,0.0
46305,-0.0
46398,-0.0
46491,-0.0
46584,-0.0
46678,-0.1
46771,-0.1
46864,-0.1
46957,-0.1
47050,-0.1
47143,-0.1
47237,-0.1
47329,-0.1
47422,-0.1
47515,-0.1
47608,-0.1
47702,-0.1
47795,-0.1
47888,-0.1
47981,-0.1
48074,-0.1
48167,-0.1
48261,-0.1
48354,-0.1
48447,-0.1
48540,-0.1
48632,-0.1
48726,-0.1
48819,-0.1
48912,-0.1
49005,-0.1
49098,-0.1
49191,-0.1
49285,-0.1
49378,-0.1
49471,-0.1
49564,-0.1
49657,-0.1
49751,-0.1
49844,-0.1
49937,-0.1
50029,-0.1
50122,-0.1
50215,-0.1
50309,-0.0
50402,-0.1
50495,-0.1
50588,-0.1
50681,-0.1
50775,-0.1
50868,-0.1
50961,-0.1
51054,-0.1
51147,-0.1
51240,-0.1
51333,-0.1
51426,-0.1
51519,-0.1
51612,-0.1
51705,-0.1
51799,-0.1
51892,-0.1
51985,-0.1
52078,-0.1
52171,-0.1
52264,-0.1
52358,-0.1
52451,-0.1
52544,-0.1
52636,-0.1
52729,-0.1
52823,-0.1
52916,-0.1
53009,-0.1
53102,-0.1
53195,-0.1
53288,-0.1
53382,-0.1
53475,-0.1
53568,-0.1
53661,-0.1
53754,-0.1
53848,-0.1
53940,-0.1
54033,-0.1
54126,-0.1
54219,-0.1
54312,-0.1
54406,-0.1
54499,-0.1
54592,-0.1
54685,-0.1
54778,-0.1
54872,-0.1
54965,-0.1
55058,-0.1
55151,-0.1
55243,-0.0
55336,-0.1
55430,-0.1
55523,-0.1
55616,-0.1
55709,-0.1
55802,-0.1
55896,-0.1
55989,-0.0
56082,-0.0
56175,-0.0
56268,-0.0
56361,-0.0
56455,-0.0
56547,-0.0
56640,-0.1
56733,-0.1
56826,-0.1
56920,-0.1
57013,-0.0
57106,-0.0
57199,-0.1
57292,-0.1
57385,-0.0
57479,-0.0
57572,-0.1
57665,-0.1
57758,-0.1
57850,-0.1
57944,-0.1
58037,-0.1
58130,-0.1
58223,-0.1
58316,-0.1
58409,-0.1
58503,-0.1
58596,-0.1
58689,-0.1
58782,-0.1
58875,-0.1
58969,-0.0
59061,-0.1
59154,-0.1
59247,-0.1
59340,-0.1
59433,-0.1
59527,-0.1
59620,-0.1
59713,-0.1
59806,-0.1
59899,-0.1
59993,-0.1
60086,-0.1
60179,-0.1
60272,-0.1
60364,-0.1
60457,-0.1
60551,-0.1
60644,-0.1
60737,-0.1
60830,-0.1
60923,-0.1
61017,-0.0
61110,-0.1
61203,-0.1
61296,-0.1
61389,-0.1
61483,-0.1
61575,-0.1
61668,-0.1
61761,-0.1
61854,-0.1
61947,-0.1
62041,-0.1
62134,-0.1
62227,-0.1
62320,-0.1
62413,-0.1
62507,-0.0
62600,0.0
62693,0.0
62785,0.5
62878,0.9
62971,0.5
63065,1.0
63158,1.1
63251,1.2
63344,1.2
63437,1.3
63531,1.1
63624,0.8
63717,0.3
63810,0.0
63903,0.2
63996,0.2
64089,-0.1
64182,-0.1
64275,-0.1
64368,-0.1
64461,-0.1
64555,-0.1
64648,-0.1
64741,-0.1
64834,-0.1
64927,-0.1
65020,-0.1
65114,-0.1
65206,-0.1
65299,-0.0
65392,-0.1
65485,-0.1
65579,-0.1
65672,-0.1
65765,-0.0
65858,-0.1
65951,-0.1
66044,-0.1
66138,-0.1
66231,-0.0
66324,-0.1
66416,-0.1
66509,-0.1
66603,-0.0
66696,-0.0
66789,-0.0
66882,-0.0
66975,-0.0
67068,-0.0
67162,-0.0
67255,-0.0
67348,-0.0
67441,-0.0
67534,-0.0
67627,-0.0
67720,-0.0
67813,-0.0
67906,-0.0
67999,-0.0
68092,-0.0
68186,-0.0
68279,-0.0
68372,-0.0
68465,-0.0
68558,-0.0
68652,-0.0
68745,-0.0
68837,-0.0
68930,-0.0
69023,-0.0
69116,-0.0
69210,-0.0
69303,-0.0
69396,-0.0
69489,-0.0
69582,-0.0
69676,-0.0
69769,-0.0
69862,-0.0
69954,-0.0
70047,-0.0
70140,-0.0
70234,-0.0
70327,-0.0
70420,-0.0
70513,-0.0
70606,-0.0
70700,-0.0
70793,-0.0
70886,-0.0
70979,-0.0
71072,-0.0
71164,0.0
71258,-0.0
71351,-0.0
71444,-0.0
71537,-0.0
71630,-0.0
71724,0.0
71817,-0.0
71910,-0.0
72003,-0.0
72096,0.0
72189,0.0
72282,0.0
72375,0.0
72468,-0.0
72561,-0.0
72654,-0.0
72748,-0.0
72841,-0.0
72934,-0.0
73027,-0.0
73120,0.0
73213,0.0
73307,0.0
73399,-0.0
73492,-0.0
73585,0.0
73678,-0.0
73772,-0.0
73865,-0.0
73958,0.0
74051,-0.0
74144,-0.0
74237,-0.0
74331,-0.0
74424,0.0
74516,0.0
74609,0.0
74702,-0.0
74796,-0.0
74889,-0.0
74982,-0.0
75075,0.0
75168,0.0
75261,0.0
75355,0.0
75448,0.0
75541,-0.0
75633,-0.0
75726,-0.0
75820,-0.0
75913,-0.0
76006,-0.0
76099,-0.0
76192,-0.0
76285,-0.0
76379,-0.0
76472,0.0
76565,0.0
76658,-0.0
76750,-0.0
76844,0.0
76937,0.0
77030,0.0
77123,0.0
77216,0.0
77309,0.0
77403,0.0
77496,0.0
77589,0.0
77682,0.0
77775,-0.0
77868,-0.0
77961,0.0
78054,0.0
78147,0.0
78240,0.0
78333,0.0
78427,-0.0
78520,-0.0
78613,0.0
78706,0.0
78799,-0.0
78893,-0.0
78985,0.0
79078,-0.0
79171,-0.0
79264,-0.0
79357,-0.0
79451,0.0
79544,0.0
79637,0.0
79730,-0.0
79823,-0.0
79917,-0.0
80010,-0.0
80102,-0.0
80195,0.0
80288,-0.0
80381,-0.0
80475,-0.0
80568,-0.0
80661,-0.0
80754,-0.0
80847,-0.0
80941,0.0
81034,0.0
81126,0.0
81219,0.0
81312,0.0
81405,0.0
81499,0.0
81592,-0.0
81685,0.0
81778,0.0
81871,0.0
81965,0.0
82058,0.0
82150,0.0
82243,0.0
82336,0.0
82429,-0.0
82523,0.0
82616,0.0
82709,-0.0
82802,0.0
82895,0.0
82989,0.0
83082,0.0
83175,-0.0
83267,-0.0
83360,-0.0
83453,-0.0
83547,0.0
83640,-0.0
83733,-0.0
83826,-0.0
83919,-0.0
84013,-0.0
84106,-0.0
84199,-0.0
84291,-0.0
84384,0.0
84477,-0.0
84571,0.0
84664,0.0
84757,0.0
84850,0.0
84943,-0.0
85037,-0.0
85130,-0.0
85223,-0.0
85316,-0.0
85408,-0.0
85501,-0.0
85595,-0.0
85688,-0.0
85781,-0.0
85874,-0.0
85967,-0.0
86061,-0.0
86154,-0.0
86247,-0.0
86340,-0.0
86432,-0.0
86525,-0.0
86619,-0.0
86712,-0.0
86805,-0.0
86898,-0.0
86991,-0.0
87085,-0.0
87178,-0.0
87271,-0.0
87364,-0.0
87457,0.0
87549,-0.0
87643,0.0
87736,-0.0
87829,-0.0
87922,-0.0
88015,-0.0
88109,0.0
88202,-0.0
88295,-0.0
88388,-0.0
88481,-0.0
88574,0.0
88667,-0.0
88760,-0.0
88853,-0.0
88946,-0.0
89039,-0.0
89133,-0.0
89226,0.0
89319,0.0
89412,-0.0
89505,-0.0
89598,-0.0
89691,-0.0
89784,0.0
89877,0.0
89970,0.0
90063,0.0
90157,0.0
90250,0.0
90343,0.0
90436,0.0
90529,0.0
90622,0.0
90716,-0.0
90808,0.0
90901,0.0
90994,0.0
91087,0.0
91181,0.0
91274,0.0
91367,0.0
91460,0.0
91553,0.0
91646,0.0
91740,0.0
91832,0.0
91925,0.0
92018,0.0
92111,0.0
92205,0.0
92298,0.0
92391,0.0
92484,0.0
92577,0.0
92670,0.0
92764,0.0
92857,0.0
92949,0.0
93042,0.0
93135,0.0
93229,0.0
93322,0.0
93415,0.0
93508,0.0
93601,0.0
93694,0.0
93788,0.0
93881,0.0
93973,0.0
94066,0.1
94159,0.0
94253,0.0
94346,0.0
94439,0.0
94532,0.1
94625,0.1
94718,0.0
94812,0.0
94905,0.1
94997,0.1
95090,0.1
95183,0.1
95277,0.1
95370,0.1
95463,0.1
95556,0.1
95649,0.1
95742,0.0
95836,0.0
95929,0.0
96021,0.0
96114,0.1
96207,0.1
96301,0.1
96394,0.1
96487,0.0
96580,0.1
96673,0.0
96766,0.0
96860,0.0
96953,0.0
97045,0.0
97138,0.0
97231,0.0
97325,0.0
97418,0.1
97511,0.1
97604,0.0
97697,0.0
97790,0.0
97884,0.0
97977,0.0
98069,0.1
98162,0.0
98255,0.0
98349,0.0
98442,0.0
98535,0.0
98628,0.0
98721,0.0
98814,0.0
98908,0.0
99001,0.0
99093,0.0
99186,0.0
99279,0.0
99373,0.1
99466,0.0
99559,0.0
99652,0.1
99745,0.0
99838,0.0
99932,0.0
100025,0.0
100117,0.0
100210,0.0
100303,0.0
100397,0.0
100490,0.0
100583,0.0
100676,0.0
100769,0.0
100862,0.0
100956,0.0
101049,0.0
101141,0.0
101234,0.0
101327,0.0
101421,0.0
101514,0.0
101607,0.0
101700,0.0
101793,0.0
101886,-0.0
101980,0.0
102073,0.0
102165,0.0
102258,-0.0
102351,0.0
102445,0.0
102538,0.0
102631,-0.0
102724,-0.0
102817,0.0
102910,0.0
103004,0.0
103097,-0.0
103189,-0.0
103282,-0.0
103375,-0.0
103469,0.0
103562,-0.0
103655,-0.0
103748,-0.0
103841,-0.0
103934,-0.0
104028,-0.0
104121,0.0
104213,0.0
104306,-0.0
104399,-0.0
104493,-0.0
104586,-0.0
104679,-0.0
104772,0.0
104865,-0.0
104958,-0.0
105052,0.0
105145,0.0
105237,0.0
105330,0.0
105423,-0.0
105517,-0.0
105610,-0.0
105703,0.0
105796,0.0
105889,0.0
105982,0.0
106076,0.0
106169,0.0
106261,0.0
106354,0.0
106447,0.0
106541,0.0
106634,0.0
106727,0.0
106820,0.0
106913,0.0
107006,0.0
107100,0.0
107192,0.0
107285,-0.0
107378,-0.0
107471,-0.0
107565,-0.0
107658,-0.0
107751,-0.0
107844,0.0
107937,0.0
108030,0.0
108124,0.0
108216,0.0
108309,0.0
108402,-0.0
108495,-0.0
108589,0.0
108682,-0.0
108775,-0.0
108868,0.0
108961,0.0
109054,0.0
109148,0.0
109240,0.0
109333,0.0
109426,-0.0
109519,0.0
109613,0.0
109706,0.0
109799,0.0
109892,0.0
109985,0.0
110078,0.0
110171,0.0
110264,0.0
110357,-0.0
110450,0.0
110543,0.0
110637,0.0
110730,0.0
110823,0.0
110916,0.0
111009,0.0
111102,0.0
111195,0.0
111288,0.0
111381,0.0
111474,0.0
111567,0.0
111661,0.0
111754,0.0
111847,0.0
111940,0.1
112033,0.1
112125,0.0
112219,0.0
112312,0.0
112405,0.0
112498,0.0
112591,0.0
112685,0.0
112778,0.0
112871,0.0
112964,0.0
113057,0.0
113149,0.0
113243,0.0
113336,0.0
113429,0.0
113522,0.0
113615,0.0
113709,0.0
113802,0.0
113895,0.0
113988,0.0
114081,0.0
114173,0.0
114267,0.0
114360,0.1
114453,0.1
114546,0.0
114639,0.0
114733,0.0
114826,0.0
114919,0.1
115012,0.0
115105,0.0
115197,0.1
115291,0.1
115384,0.1
115477,0.0
115570,0.0
115663,0.0
115757,0.0
115850,0.0
115943,0.0
116036,0.0
116128,0.0
116221,0.0
116315,0.0
116408,0.0
116501,0.1
116594,0.0
116687,0.0
116781,0.0
116874,0.0
116967,0.1
117060,0.1
117152,0.0
117245,0.0
117339,0.0
117432,0.0
117525,0.0
117618,0.0
117711,0.1
117805,0.1
117898,0.1
117991,0.1
118084,0.1
118176,0.1
118269,0.0
118363,0.0
118456,0.0
118549,0.1
118642,0.1
118735,0.1
118829,0.1
118922,0.1
119015,0.1
119107,0.0
119200,0.0
119293,0.1
119387,0.1
119480,0.1
119573,0.0
119666,0.0
119759,0.0
119853,0.0
119946,0.0
120039,0.0
120131,0.1
120224,0.0
120317,0.1
120411,0.0
120504,0.0
120597,0.0
120690,0.0
120783,0.0
120877,0.1
120970,0.0
121063,0.0
121155,0.1
121248,0.1
121341,0.1
121435,0.1
121528,0.0
121621,0.0
121714,0.0
121807,0.1
121901,0.1
121994,0.0
122087,0.0
122179,0.1
122272,0.1
122365,0.0
122459,0.1
122552,0.1
122645,0.0
122738,0.0
122831,0.0
122925,0.0
123018,0.0
123111,0.1
123203,0.1
123296,0.1
123389,0.1
123483,0.1
123576,0.1
123669,0.0
123762,0.0
123855,0.1
123949,0.1
124042,0.1
124134,0.1
124227,0.1
124320,0.1
124413,0.1
124507,0.1
124600,0.1
124693,0.1
124786,0.1
124879,0.1
124973,0.1
125066,0.1
125158,0.0
125251,0.1
125344,0.1
125437,0.1
125531,0.1
125624,0.1
125717,0.1
125810,0.1
125903,0.1
125997,0.1
126089,0.0
126182,0.0
126275,0.1
126368,0.1
126461,0.1
126555,0.0
126648,0.0
126741,0.0
126834,0.0
126927,0.1
127021,0.0
127113,0.0
127206,0.0
127299,0.0
127392,0.0
127485,0.0
127579,0.0
127672,0.0
127765,0.0
127858,0.0
127951,0.0
128044,0.0
128137,0.0
128230,0.0
128323,0.0
128416,0.0
128509,0.0
128603,-0.0
128696,0.0
128789,0.0
128882,0.0
128975,0.0
129068,0.0
129161,0.0
129254,-0.0
129347,0.0
129440,0.0
129533,-0.0
129627,-0.0
129720,0.0
129813,0.0
129906,0.0
129998,0.0
130092,0.0
130185,0.0
130278,0.0
130371,0.0
130464,0.0
130557,0.0
130651,0.0
130744,0.0
130837,0.0
130929,-0.0
131022,-0.0
131116,-0.0
131209,-0.0
131302,0.0
131395,0.0
131488,-0.0
131581,-0.0
131675,0.0
131768,-0.0
131861,-0.0
131953,-0.0
132046,-0.0
132140,-0.0
132233,0.0
132326,-0.0
132419,-0.0
132512,-0.0
132605,-0.0
132699,-0.0
132792,-0.0
132884,-0.0
132977,-0.0
133070,-0.0
133164,-0.0
133257,-0.0
133350,-0.0
133443,-0.0
133536,-0.0
133629,-0.0
133723,-0.0
133815,-0.0
133908,0.0
134001,0.0
134094,0.0
134188,0.0
134281,-0.0
134374,-0.0
134467,-0.0
134560,0.0
134653,0.0
134746,-0.0
134839,-0.0
134932,-0.0
135025,-0.0
135118,0.0
135212,0.0
135305,0.0
135398,-0.0
135491,-0.0
135584,-0.0
135677,-0.0
135770,-0.0
135863,-0.0
135956,-0.0
136049,-0.0
136142,-0.0
136236,-0.0
136329,-0.0
136422,0.0
136515,0.0
136608,0.0
136700,-0.0
136794,-0.0
136887,-0.0
136980,-0.0
137073,0.0
137166,0.0
137260,0.0
137353,0.0
137446,0.0
137539,-0.0
137632,0.0
137724,0.0
137818,0.0
137911,0.0
138004,0.0
138097,0.0
138190,0.0
138284,0.0
138377,0.0
138470,-0.0
138563,0.0
138655,0.0
138748,0.0
138842,0.0
138935,0.0
139028,0.0
139121,0.0
139214,0.0
139308,0.0
139401,0.0
139494,0.1
139586,0.1
139679,0.0
139772,0.0
139866,0.0
139959,0.0
140052,0.0
140145,0.0
140238,0.0
140332,0.0
140425,0.0
140517,0.0
140610,0.0
140703,0.0
140796,0.0
140890,0.0
140983,0.0
141076,0.0
141169,0.0
141262,0.0
141356,0.0
141448,0.0
141541,0.0
141634,0.0
141727,0.0
141820,0.0
141914,0.0
142007,0.0
142100,0.0
142193,0.0
142286,0.0
142379,0.0
142472,0.0
142565,0.0
142658,0.0
142751,0.0
142844,0.0
142938,0.0
143031,0.0
143124,0.0
143216,0.0
143309,0.0
143403,0.0
143496,0.1
143589,0.0
143682,0.0
143775,0.0
143868,0.0
143962,0.0
144055,0.0
144147,0.0
144240,0.0
144333,0.0
144427,0.0
144520,0.0
144613,0.0
144706,0.0
144799,0.0
144892,0.0
144986,0.0
145078,0.0
145171,0.0
145264,0.0
145357,0.0
145451,0.0
145544,0.0
145637,0.0
145730,0.0
145823,0.0
145916,0.0
146009,0.0
146102,0.0
146195,0.0
146288,0.0
146381,0.0
146475,-0.0
146568,-0.0
146661,0.0
146754,0.0
146847,0.0
146939,-0.0
147033,-0.0
147126,0.0
147219,0.0
147312,0.0
147405,0.0
147499,-0.0
147592,-0.0
147685,-0.0
147778,0.0
147870,-0.0
147963,-0.0
148057,0.0
148150,0.0
148243,0.0
148336,-0.0
148429,0.0
148523,0.0
148616,-0.0
148709,0.0
148801,0.0
148894,0.0
148987,0.0
149081,0.0
149174,-0.0
149267,0.0
149360,-0.0
149453,-0.0
149547,-0.0
149640,-0.0
149732,-0.0
149825,0.0
149918,-0.0
150011,-0.0
150105,0.0
150198,0.0
150291,0.0
150384,-0.0
150477,-0.0
150571,-0.0
150663,0.0
150756,0.0
150849,-0.0
150942,-0.0
151035,-0.0
151129,0.0
151222,0.0
151315,-0.0
151408,-0.0
151500,-0.0
151593,-0.0
151687,-0.0
151780,-0.0
151873,-0.0
151966,0.0
152059,0.0
152153,-0.0
152246,-0.0
152339,-0.0
152431,-0.0
152524,-0.0
152617,-0.0
152711,-0.0
152804,0.0
152897,-0.0
152990,-0.0
153083,-0.0
153177,-0.0
153270,-0.0
153362,-0.0
153455,-0.0
153548,-0.0
153641,-0.0
153735,-0.0
153828,-0.0
153921,-0.0
154014,-0.0
154107,0.0
154200,-0.0
154293,-0.0
154386,-0.0
154479,-0.0
154572,-0.0
154665,-0.0
154759,-0.0
154852,-0.0
154945,-0.0
155038,-0.1
155130,-0.0
155224,-0.0
155317,-0.0
155410,0.0
155503,-0.0
155596,-0.0
155689,-0.0
155783,-0.0
155876,-0.0
155969,-0.0
156061,-0.0
156154,-0.0
156248,-0.0
156341,-0.0
156434,-0.0
156527,-0.0
156620,-0.0
156713,-0.0
156807,-0.0
156900,0.0
156992,-0.0
157085,0.0
157178,0.0
157272,0.0
157365,-0.0
157458,-0.0
157551,-0.0
157644,-0.0
157737,-0.0
157830,0.0
157923,0.0
158016,0.0
158109,-0.0
158202,-0.0
158296,0.0
158389,-0.0
158482,-0.0
158575,-0.0
158668,-0.0
158760,-0.0
158854,-0.0
158947,0.0
159040,0.0
159133,-0.0
159226,-0.0
159320,0.0
159413,0.0
159506,0.0
159598,0.0
159691,0.0
159784,0.0
159878,-0.0
159971,-0.0
160064,-0.0
160157,-0.0
160250,-0.0
160344,-0.0
160437,-0.0
160529,-0.0
160622,-0.0
160715,-0.0
160808,-0.0
160902,0.0
160995,-0.0
161088,0.0
161181,0.0
161274,0.0
161368,0.0
161460,-0.0
161553,-0.0
161646,0.0
161739,0.0
161832,0.0
161926,0.0
162019,-0.0
162112,-0.0
162205,-0.0
162297,-0.0
162391,-0.0
162484,0.0
162577,-0.0
162670,-0.0
162763,-0.0
162856,-0.0
162950,-0.0
163043,-0.0
163136,-0.0
163228,-0.0
163321,0.0
163415,-0.0
163508,-0.0
163601,-0.0
163694,-0.0
163787,-0.0
163880,0.0
163974,-0.0
164066,-0.0
164159,-0.0
164252,0.0
164345,-0.0
164439,-0.0
164532,-0.0
164625,-0.0
164718,-0.0
164811,-0.0
164904,-0.0
164997,-0.0
165090,-0.0
165183,-0.0
165276,-0.0
165369,0.0
165463,0.0
165556,0.0
165649,-0.0
165742,-0.0
165834,-0.0
165927,-0.0
166021,-0.0
166114,-0.0
166207,-0.0
166300,-0.0
166393,-0.0
166487,-0.0
166580,-0.0
166673,-0.0
166765,-0.0
166858,-0.0
166951,-0.0
167045,-0.0
167138,-0.0
167231,-0.0
167324,-0.0
167417,-0.0
167511,-0.0
167604,0.0
167696,-0.0
167789,-0.0
167882,-0.0
167975,-0.0
168069,-0.0
168162,-0.0
168255,-0.0
168348,-0.0
168441,-0.0
168534,-0.0
168627,-0.0
168720,-0.0
168813,-0.0
168906,-0.0
168999,-0.0
169093,-0.0
169186,-0.0
169279,-0.0
169372,-0.0
169464,-0.0
169558,-0.0
169651,-0.0
169744,-0.0
169837,-0.0
169930,-0.0
170023,-0.0
170117,-0.0
170210,-0.0
170302,-0.0
170395,-0.0
170488,-0.0
170582,-0.0
170675,-0.0
170768,-0.0
170861,-0.0
170954,-0.0
171047,-0.0
171141,-0.0
171233,-0.0
171326,-0.0
171419,-0.0
171512,-0.0
171606,-0.0
171699,-0.0
171792,-0.0
171885,-0.0
171978,-0.0
172070,-0.0
172164,-0.0
172257,-0.0
172350,-0.0
172443,-0.0
172536,-0.0
172630,-0.0
172723,-0.0
172816,-0.0
172908,-0.0
173001,-0.0
173094,-0.0
173188,-0.0
173281,-0.0
173374,-0.0
173467,-0.0
173560,-0.0
173654,-0.0
173747,-0.0
173839,0.0
173932,-0.0
174025,-0.0
174118,-0.0
174212,-0.0
174305,-0.0
174398,-0.0
174491,0.0
174584,-0.0
174676,-0.0
174770,0.0
174863,-0.0
174956,-0.0
175049,-0.0
175142,-0.0
175236,-0.0
175329,-0.0
175422,-0.0
175514,-0.0
175607,-0.0
175700,-0.0
175794,-0.0
175887,-0.0
175980,-0.0
176073,-0.0
176166,-0.0
176260,-0.0
176353,-0.0
176445,-0.0
176538,-0.0
176631,-0.0
176724,-0.0
176818,-0.0
176911,-0.0
177004,-0.0
177097,-0.0
177190,-0.0
177283,-0.0
177376,-0.0
177469,-0.0
177562,-0.0
177655,-0.0
177748,-0.0
177842,-0.0
177935,-0.0
178028,-0.0
178121,-0.0
178213,-0.0
178307,-0.0
178400,-0.0
178493,-0.0
178586,-0.0
178679,-0.0
178772,-0.0
178866,-0.0
178959,-0.0
179051,-0.0
179144,-0.0
179237,0.0
179331,-0.0
179424,-0.0
179517,-0.0
179610,-0.0
179703,0.0
179796,-0.0
179889,-0.0
179982,-0.0
180075,-0.0
180168,-0.0
180261,-0.0
180355,0.0
180448,0.0
180541,-0.0
180634,-0.0
180727,-0.0
180819,0.0
180913,0.0
181006,-0.0
181099,-0.0
181192,-0.0
181285,-0.0
181379,-0.0
181472,-0.0
181565,0.0
181657,0.0
181750,0.0
181843,-0.0
181937,-0.0
182030,-0.0
182123,-0.0
182216,-0.0
182309,-0.0
182403,0.0
182495,0.0
182588,-0.0
182681,0.0
182774,0.0
182867,0.0
182961,0.0
183054,0.0
183147,0.0
183240,0.0
183333,0.0
183426,0.0
183519,0.0
183612,0.0
183705,0.0
183798,0.0
183891,0.0
183985,0.0
184078,0.0
184171,0.0
184263,0.0
184356,0.0
184450,0.0
184543,0.0
184636,0.0
184729,0.0
184822,0.0
184915,0.0
185009,0.0
185101,0.0
185194,0.0
185287,0.0
185380,0.0
185474,0.0
185567,0.0
185660,0.0
185753,0.0
185846,0.0
185939,0.0
186032,0.0
186125,0.0
186218,0.0
186311,0.0
186404,0.0
186498,0.0
186591,0.0
186684,0.0
186777,0.0
186869,0.0
186962,0.0
187056,0.0
187149,0.0
187242,0.0
187335,0.0
187428,0.0
187522,0.0
187615,0.0
187708,0.0
187800,0.0
187893,0.0
187986,0.0
188080,0.0
188173,0.0
188266,0.0
188359,0.0
188452,0.0
188546,0.0
188638,0.0
188731,0.0
188824,0.0
188917,0.0
189010,0.0
189104,0.0
189197,0.0
189290,0.0
189383,0.0
189476,0.0
189569,0.0
189662,0.0
189755,0.0
189848,0.0
189941,0.0
190034,0.0
190128,0.0
190221,0.0
190314,0.0
190406,0.0
190499,0.0
190593,0.0
190686,0.0
190779,0.0
190872,0.0
190965,0.0
191058,0.0
191152,0.0
191245,0.0
191337,0.0
191430,0.0
191523,0.0
191617,0.0
191710,0.0
191803,0.0
191896,0.0
191989,0.0
192082,0.0
192176,0.0
192268,0.0
192361,0.0
192454,0.0
192547,0.0
192641,0.0
192734,0.0
192827,0.0
192920,0.0
193013,0.0
193105,0.0
193199,0.0
193292,0.0
193385,0.0
193478,0.0
193571,0.0
193665,0.0
193758,0.0
193851,0.0
193943,0.0
194036,0.0
194129,0.0
194223,0.0
194316,0.0
194409,0.0
194502,0.0
194595,0.0
194689,0.0
194782,0.0
194874,0.0
194967,0.0
195060,0.0
195153,0.0
195247,0.0
195340,0.1
195433,0.1
195526,0.1
195619,0.1
195712,0.1
195805,0.1
195898,0.1
195991,0.0
196084,0.0
196177,0.1
196271,0.1
196364,0.1
196457,0.1
196549,0.1
196642,0.1
196736,0.1
196829,0.1
196922,0.1
197015,0.1
197108,0.1
197201,0.1
197295,0.1
197388,0.1
197480,0.1
197573,0.1
197666,0.1
197760,0.1
197853,0.0
197946,0.1
198039,0.1
198132,0.1
198225,0.0
198318,0.1
198411,0.1
198504,0.1
198597,0.1
198690,0.1
198784,0.1
198877,0.0
198970,0.0
199063,0.0
199156,0.1
199248,0.0
199342,0.0
199435,0.1
199528,0.1
199621,0.1
199714,0.1
199808,0.1
199901,0.1
199994,0.1
200086,0.1
200179,0.1
200272,0.1
200366,0.1
200459,0.1
200552,